src_id,src_name,src_glon,src_glat,nhi,sig_nhi,nhi_thin,star_id,r_med,ew_ki_ism,amp_ki_ism,res_max_ki_ism,ki_ism_vlsr_obs,ki_ism_avg_vlsr_obs,ki_ism_sig_vlsr_obs,emt_min_vlsr,vlsr_hi_ki_diff,vlsr_diff_min,n_nearby_stars
0,J001424-733911,306.4943353680667,-43.21804746655667,2.730491173707554,0.2978165579124652,2.646857393099014,140811005001115,673.5303344726562,0.0443135797977447,0.0939948236960808,0.1050736961422016,-6.150478294546662,-6.150478294546662,5.0,-2.045776029749052,4.104702264797611,4.104702264797611,1
2,J002223-742825,305.5625417073237,-42.505801310798994,2.9093528592368134,0.249468391610783,2.8237517491995936,141104003301004,1327.22998046875,0.0328363142907619,0.1266837064199547,0.1325252689951476,3.705639579846798,3.705639579846798,5.0,1.2256031604472757,2.4800364193995224,2.4800364193995224,1
14,J004222-754838,303.6708289881266,-41.30466731927757,4.393593715210194,0.1826298073287534,4.296436963935909,140814006001141,668.953369140625,0.0581411719322204,0.0649961036111486,0.1062739781038168,9.394238139961196,9.394238139961196,5.0,9.9455100640233,0.5512719240621049,0.5512719240621049,1
27,J010120-781900,302.28848942526963,-38.79920618045551,5.056057206009962,0.2467886496830771,4.842613391386285,150706005901396,1055.759033203125,0.0375923253595829,0.0810283559107522,0.1242064871028084,4.061160816438697,3.434988176777236,3.5355339059327373,5.3106926861823744,1.2495318697436772,1.2495318697436772,2
36,J010811-754156,301.5540242472962,-41.38449715938118,4.273245390904246,0.4018054203498672,4.051246297844747,150705006401309,931.5885009765624,0.0359147377312183,0.065072403877071,0.0820322909423437,8.506430415893046,8.506430415893046,5.0,7.916428228993672,0.5900021868993743,0.5900021868993743,1
40,J011134-753809,301.2688258984274,-41.42734798908945,4.356430367970234,0.1557061696278812,4.153847544390162,150705006401309,931.5885009765624,0.0359147377312183,0.065072403877071,0.0820322909423437,8.506430415893046,7.125434113888615,3.5355339059327373,7.845464952423617,0.6609654634694291,0.6609654634694291,2
41,J011136-753800,301.26543735648966,-41.42955624107121,4.393898898226468,0.1435798906013811,4.299180018286774,150705006401309,931.5885009765624,0.0359147377312183,0.065072403877071,0.0820322909423437,8.506430415893046,7.125434113888615,3.5355339059327373,7.628725475628692,0.877704940264354,0.877704940264354,2
48,J011552-761226,301.0105746814931,-40.82986116739284,4.243618802856298,0.1854325506775295,4.067088309364143,150705006401309,931.5885009765624,0.0359147377312183,0.065072403877071,0.0820322909423437,8.506430415893046,8.506430415893046,5.0,7.326533233676945,1.1798971822161013,1.1798971822161013,1
52,J012257-751507,300.2525491105543,-41.71192386023117,4.342262668766805,0.2329793520615496,4.4441502622281135,141104002801170,989.8138427734376,0.0760193094611167,0.174382400045962,0.1798396470928609,5.744437811884184,5.744437811884184,5.0,7.747833807473169,2.003395995588985,2.003395995588985,1
53,J012313-801316,301.251472591642,-36.803192990068034,5.36810997366817,0.4593348914845463,5.334863097831722,141103003101030,501.9067993164063,0.0379966646432876,0.085711896293086,0.1001149789961218,2.4521316392973667,2.4521316392973667,5.0,2.852279984610823,0.4001483453134562,0.4001483453134562,1
54,J012315-801311,301.249344385512,-36.80412203948965,5.927804223165915,0.6389641904755129,5.773095602086478,141103003101030,501.9067993164063,0.0379966646432876,0.085711896293086,0.1001149789961218,2.4521316392973667,2.4521316392973667,5.0,3.31515694080192,0.8630253015045533,0.8630253015045533,1
55,J012316-801255,301.24807660113487,-36.808601195286855,5.648382417997647,0.4629210620754844,5.416821325687861,141103003101030,501.9067993164063,0.0379966646432876,0.085711896293086,0.1001149789961218,2.4521316392973667,2.4521316392973667,5.0,2.48283260905306,0.030700969755693,0.030700969755693,1
56,J012317-801244,301.2459099713007,-36.81143289105269,5.512632223433223,0.3392190788471284,5.35152897518864,141103003101030,501.9067993164063,0.0379966646432876,0.085711896293086,0.1001149789961218,2.4521316392973667,2.4521316392973667,5.0,2.725046338232465,0.2729146989350983,0.2729146989350983,1
66,J013252-760405,299.6539129338369,-40.79533511373284,3.584183451479302,0.3742437140212152,3.37339819457147,191106002301227,1432.7745361328125,0.0418372862040996,0.0852139144484381,0.087027020870914,-1.9769132661266449,-0.3178431901141221,3.5355339059327373,1.2838027551579676,3.2607160212846127,3.2607160212846127,2
74,J015425-761348,298.0734862261441,-40.29812075363846,4.337447162616916,0.1290635836337258,4.072712422017542,140805004801170,909.0890502929688,0.0423721708357334,0.137117148049536,0.1348092897389967,6.911785284536579,6.911785284536579,5.0,6.817833298578184,0.0939519859583954,0.0939519859583954,1
84,J020448-795503,298.99462704101825,-36.643042447811,5.838456220721589,0.2583462156982051,5.431440193208574,150704002301110,2603.33642578125,0.0552278533577919,0.1348387335330141,0.136846342685974,5.12056535262254,4.947889002101162,2.886751345948129,5.2318878154092605,0.1113224627867204,0.1113224627867204,3
85,J020803-792116,298.57205374998495,-37.11674375180736,5.961803038876273,0.6897890558958285,5.686490533699992,150704002301129,2277.08203125,0.0294950418174266,0.0807566056921225,0.0778049733521816,4.195772862565105,4.447884263054975,3.5355339059327373,4.003165226022236,0.1926076365428697,0.1926076365428697,2
86,J021929-781445,297.3782932000249,-37.916001345691626,6.077030723668338,0.5965969024728036,5.838827173948241,150704002301309,2405.839111328125,0.0303192120045423,0.0556974166571111,0.0678495310042829,-2.874720045551398,-0.5076922620462541,3.5355339059327373,-1.73625702276675,1.1384630227846482,1.1384630227846482,2
87,J022338-794014,297.9184381979881,-36.54329787675434,6.281105459211521,0.4470380640421509,5.407826968927532,150704002301062,704.9227294921875,0.0664546266198158,0.1354115532465905,0.1321173591579382,4.699995663544845,5.113662227330343,3.5355339059327373,1.523668146718935,3.17632751682591,3.17632751682591,2
88,J022458-784143,297.3124818393199,-37.39228559999217,8.02621667259544,0.3128022726592657,6.866478415712093,150704002301393,2381.093994140625,0.0384095422923564,0.1299111095808704,0.1288207688312845,4.500768235095151,4.615089063820843,2.23606797749979,2.528493008443608,1.972275226651543,1.972275226651543,5
89,J022934-784745,297.117989644251,-37.20049756785525,7.0362243144805285,0.6895162114002567,6.6363714822436775,150827004601161,879.5420532226562,0.0300176441669464,0.0649381486993856,0.0729796810514907,2.8373854630117243,3.378194511309486,3.5355339059327373,2.162890155513578,0.6744953074981463,0.6744953074981463,2
90,J023934-782554,296.3540652329869,-37.27864155249745,6.96589582642571,0.7090782464981937,6.417525462888115,150827004601180,633.9329833984375,0.0311299338936805,0.093788245258932,0.0919201087190072,3.919003559607248,3.919003559607248,5.0,4.069323162636406,0.1503196030291587,0.1503196030291587,1
91,J024508-695753,289.7952903850992,-44.15004494640527,3.778835959922675,0.1412800589287053,3.467203784436903,140809004901022,813.3483276367188,0.0325727500021457,0.0854747561366457,0.0827928479597072,12.858595017230147,12.19457530583614,3.5355339059327373,8.583254987406917,4.27534002982323,4.27534002982323,2
92,J024800-693600,289.212713453656,-44.29356238741928,3.299272758405715,0.1446437433518049,3.0977480780973963,140809004901376,647.63134765625,0.0591551400721073,0.1520703237640228,0.1525391735620936,11.456469854306633,11.644665319719222,2.886751345948129,9.348078685169003,2.108391169137626,2.108391169137626,3
94,J025415-791927,296.2050324640857,-36.14640193910103,6.243640121427838,0.2614615311642663,5.588901981250127,150828005201240,909.3572998046876,0.056476853787899,0.1225819681977738,0.1298093411512355,2.784272228309394,3.5677748498086235,3.5355339059327373,2.2445562400329324,0.5397159882764617,0.5397159882764617,2
95,J025617-780035,295.1676036984297,-37.16760245860451,7.004146474426524,0.407044069871897,6.248563228405264,140814006601103,563.0374145507812,0.0693959295749664,0.1808946678691884,0.1702635880025754,2.003546122820591,3.822840330175026,2.23606797749979,1.8461575919790607,0.1573885308415299,0.1573885308415299,5
96,J025618-780044,295.1680695935488,-37.16575671714013,7.014843360688259,0.4454820234463819,6.407893301266872,140814006601103,563.0374145507812,0.0693959295749664,0.1808946678691884,0.1702635880025754,2.003546122820591,3.822840330175026,2.23606797749979,1.9804439115575712,0.0231022112630199,0.0231022112630199,5
97,J025721-782714,295.4337330130178,-36.77477862727677,7.26049715347442,0.3740824825527477,6.449669256689677,150827004601016,904.5570678710938,0.0406035669147968,0.127645916084326,0.132243073586435,3.460182580639943,4.293499635637804,2.041241452319315,2.6450637448389123,0.8151188358010306,0.8151188358010306,6
98,J025803-783711,295.5188849669127,-36.61962131751525,6.513063946077753,0.2850630608720155,5.653353199931794,150827004601016,904.5570678710938,0.0406035669147968,0.127645916084326,0.132243073586435,3.460182580639943,4.293499635637804,2.041241452319315,1.9673036438479865,1.4928789367919564,1.4928789367919564,6
99,J030316-765256,293.93651633619334,-37.84767846575038,5.77864684170461,0.1684317128939773,5.353289324340029,140814006601069,670.7278442382812,0.0303031150251626,0.0755271275442061,0.0813638425843262,1.3563155352158702,1.3563155352158702,5.0,1.849169652118094,0.4928541169022238,0.4928541169022238,1
100,J030320-791455,295.72534344822424,-35.96226035498256,6.675704854485517,0.2295719589103471,6.028476401733074,150828005201240,909.3572998046876,0.056476853787899,0.1225819681977738,0.1298093411512355,2.784272228309394,3.318257141788494,2.5,1.9288338828725309,0.8554383454368633,0.8554383454368633,4
101,J030330-772932,294.3945285842325,-37.357092061550325,7.405618266416801,0.4596326988235639,6.186043457879903,140814006601103,563.0374145507812,0.0693959295749664,0.1808946678691884,0.1702635880025754,2.003546122820591,1.4281642301516253,2.886751345948129,-0.0531498524294173,2.056695975250008,2.056695975250008,3
102,J030705-775917,294.5887412694796,-36.84914946524824,9.085210442697964,0.6962191204897207,6.754411684935307,140814006601101,872.8606567382812,0.0431714802980423,0.0997854104922158,0.1017406970250652,3.3669429028859064,4.536447832390568,1.6666666666666667,3.1166012385504582,0.2503416643354481,0.2503416643354481,9
103,J030842-781241,294.68044369900923,-36.622324413556605,7.026044068080608,0.2200491605852855,6.026068973641153,140814006601097,1666.1944580078125,0.0343743413686752,0.1273992703474252,0.1254504352223672,4.022367899766108,4.202023717012226,2.5,1.879611521983211,2.142756377782897,2.142756377782897,4
104,J031155-765150,293.4395382293064,-37.55252255116848,6.224159106329948,0.384676486515195,5.774529768868943,140814006601004,1540.7005615234375,0.0482111796736717,0.1128314659643516,0.1074716935854108,3.65295846511415,4.951832623261363,2.886751345948129,3.922456573367483,0.2694981082533334,0.2694981082533334,3
106,J031235-782909,294.70694654912813,-36.28566151779925,5.956689851131188,0.2753666322227549,5.821338321215045,150828005701157,583.511962890625,0.0520846210420131,0.1645296132488108,0.1613411072993233,4.419221311835582,4.261908989427599,2.886751345948129,1.707307347203652,2.71191396463193,2.71191396463193,3
112,J032019-773939,293.65990788940576,-36.64774331892759,6.970669855360006,0.3735690305134728,6.404387612776144,140814006601025,2788.820068359375,0.0533541552722454,0.1708013821582734,0.1615646198666425,4.745790430626579,4.95154067997055,1.4433756729740643,2.56625445309393,2.1795359775326486,2.1795359775326486,12
113,J032113-742002,290.72850374943846,-39.038238927486624,5.719077233128861,0.2654863122180943,4.974301932504095,150830005601205,696.4606323242188,0.088925153017044,0.2308817155555137,1.8030918814389605,0.6449600440437298,0.6449600440437298,5.0,-4.029378429319975,4.674338473363704,4.674338473363704,1
115,J032253-770007,292.9728089569298,-37.036919095195984,7.867584783927782,0.4527789692177866,6.715304720801758,140814006601004,1540.7005615234375,0.0482111796736717,0.1128314659643516,0.1074716935854108,3.65295846511415,5.375777370360002,2.041241452319315,3.563575815311504,0.0893826498026464,0.0893826498026464,6
116,J032255-770011,292.97226035745547,-37.034860833313104,8.02161470247457,0.5117640553004931,6.722444649179561,140814006601004,1540.7005615234375,0.0482111796736717,0.1128314659643516,0.1074716935854108,3.65295846511415,5.375777370360002,2.041241452319315,3.4497385661232123,0.2032198989909375,0.2032198989909375,6
117,J032259-770023,292.9719748092574,-37.03026807450871,7.668284256707741,0.3395397016965686,6.683137053646738,150828005701263,997.79931640625,0.0792810693383216,0.2161532615124254,0.2154958977734409,5.976955782618031,5.375777370360002,2.041241452319315,5.768280456202369,0.208675326415662,0.208675326415662,6
118,J032301-770029,292.97180865840653,-37.02761618452414,7.990959140497883,0.5735079491636668,6.813825145249353,140814006601004,1540.7005615234375,0.0482111796736717,0.1128314659643516,0.1074716935854108,3.65295846511415,5.375777370360002,2.041241452319315,2.578115283524744,1.0748431815894055,1.0748431815894055,6
123,J032456-775225,293.6161059942931,-36.32543333378411,6.6781353386456646,0.3957004439774654,6.288630039578133,150828005701218,1021.572509765625,0.0435949824750423,0.1447503134450833,0.1431168184215275,4.592255224208195,5.002566591143776,1.212678125181665,2.378715343083598,2.2135398811245968,2.2135398811245968,17
124,J032501-775146,293.60354654856803,-36.330753425061424,6.60586019917,0.5978619487220619,6.086441071198312,150828005701218,1021.572509765625,0.0435949824750423,0.1447503134450833,0.1431168184215275,4.592255224208195,4.8647090556682056,1.25,2.320426481033845,2.2718287431743494,2.2718287431743494,16
125,J032548-735326,290.0389891845531,-39.13065909081255,5.564096551343971,0.7810058970720424,5.2420536660386015,150830005601205,696.4606323242188,0.088925153017044,0.2308817155555137,1.8030918814389605,0.6449600440437298,0.6449600440437298,5.0,2.517880186800207,1.8729201427564768,1.8729201427564768,1
126,J032550-735329,290.0376845040556,-39.12821425896675,5.52955751928082,0.5224019730170483,5.419392940420518,150830005601205,696.4606323242188,0.088925153017044,0.2308817155555137,1.8030918814389605,0.6449600440437298,0.6449600440437298,5.0,2.4167931942649883,1.7718331502212583,1.7718331502212583,1
132,J032753-774732,293.40693808362647,-36.27706841843553,8.078368953503869,0.4792469697750832,6.197101790895852,150828005701005,687.7481689453125,0.0522157847881317,0.1737637823387224,0.1788086750356768,3.813726383175485,4.4139906001759535,1.1785113019775793,2.4409599629456773,1.3727664202298078,1.3727664202298078,18
133,J032816-765522,292.6308042664389,-36.883418022965074,9.339801205800985,0.4428721208455262,6.926297479082403,150828005701271,2460.864013671875,0.0739139765501022,0.2152003018062759,0.198752706481616,4.817908964596205,2.432866654157932,3.5355339059327373,2.8923132782415903,1.9255956863546144,1.9255956863546144,2
134,J032819-765520,292.6276446957466,-36.8818198591264,9.026660365883544,0.7463040606767518,6.919816516960384,150828005701271,2460.864013671875,0.0739139765501022,0.2152003018062759,0.198752706481616,4.817908964596205,2.432866654157932,3.5355339059327373,2.928318125984595,1.8895908386116096,1.8895908386116096,2
135,J032822-765517,292.62454622108817,-36.880478736193126,9.049104580393273,0.3744699569893519,6.888169167125092,150828005701271,2460.864013671875,0.0739139765501022,0.2152003018062759,0.198752706481616,4.817908964596205,2.432866654157932,3.5355339059327373,2.8987899396155656,1.9191190249806391,1.9191190249806391,2
136,J032834-745053,290.7531805246976,-38.32998579980193,9.94001037845233,0.4912939874866606,8.438089424533564,150830005601128,704.0899047851562,0.0298804901540279,0.0979228933581792,0.095927917665333,4.925041106537385,2.957073861326502,3.5355339059327373,4.777909677162915,0.1471314293744701,0.1471314293744701,2
138,J033027-782212,293.7895770010976,-35.77161615105999,7.321223492978016,0.2262741274415919,6.126337880416584,150828005701116,532.8394775390625,0.0379562750458717,0.1381311955260493,0.123340434793299,4.869493158601328,5.427244667661694,1.507556722888818,3.0134839851346875,1.8560091734666404,1.8560091734666404,11
139,J033030-782200,293.7844347136094,-35.772376697280144,7.392619241173891,0.2234530979364225,6.056118154572809,150828005701116,532.8394775390625,0.0379562750458717,0.1381311955260493,0.123340434793299,4.869493158601328,5.593495752976007,1.386750490563073,2.9356186976780947,1.9338744609232328,1.9338744609232328,13
140,J033037-784908,294.16873839747285,-35.444895881174666,6.110472228649371,0.2263347131190576,5.507756964552333,150828005701118,800.0272827148438,0.0404399782419204,0.0864654052612563,0.0826202368860742,2.694132735056801,4.668038157986348,2.886751345948129,3.5745408721241403,0.8804081370673393,0.8804081370673393,3
143,J033145-784741,294.0999771916306,-35.4237389305138,5.671374367864105,0.3272205464258104,5.555428183400371,150828005701116,532.8394775390625,0.0379562750458717,0.1381311955260493,0.123340434793299,4.869493158601328,5.742879415461901,2.041241452319315,4.306135921529251,0.5633572370720765,0.5633572370720765,6
145,J033211-780653,293.49035732452893,-35.89011611756379,7.099628162608236,0.2499849151008308,6.104765974030335,150828005701005,687.7481689453125,0.0522157847881317,0.1737637823387224,0.1788086750356768,3.813726383175485,5.312260459934547,1.118033988749895,2.441706077037902,1.3720203061375829,1.3720203061375829,20
148,J033749-784013,293.7367450566056,-35.29958949298331,5.721851233237411,0.2051881969407329,5.482366300099563,150828005701098,578.8952026367188,0.0836857110261917,0.2376157802561508,0.2266601223256261,6.440488580300913,6.063443102516658,2.886751345948129,4.734378426597632,1.706110153703281,1.706110153703281,3
154,J034828-732032,288.1662655202441,-38.2839790021714,5.369544247524355,0.23035851875636,4.721394283032814,150830005601347,2379.908935546875,0.0496864505112171,0.0648885401509538,0.0838144900129159,6.549848509953366,6.549848509953366,5.0,5.656589829960102,0.8932586799932638,0.8932586799932638,1
155,J035125-792156,293.8380306489938,-34.353188552328824,7.835399257025197,0.4357260019041213,6.195035131918178,151220002801103,532.3281860351562,0.0482900738716125,0.1194289451636382,0.1229009908924949,1.6283956303554863,1.6283956303554863,5.0,3.0084382372684573,1.380042606912971,1.380042606912971,1
156,J035150-695934,284.4759369286124,-40.04600961831741,8.583501297407397,0.3064873701640776,5.918380151915287,150830006101390,746.9906005859375,0.0339967235922813,0.0932395134828325,0.0912247364950589,8.618243784521262,8.845631454459049,2.041241452319315,8.084795772564219,0.5334480119570433,0.5334480119570433,6
158,J035239-710704,285.6253603823304,-39.34731272710242,3.5587215385498494,0.3988402657399157,3.4017613466956087,150827005201188,748.8086547851562,0.0716994628310203,0.216423412605887,0.257409644564591,9.565062239977582,10.096610803267437,3.5355339059327373,9.94211083915738,0.3770485991797994,0.3770485991797994,2
159,J035329-762642,290.98625404352697,-36.11857487562296,5.446240686882446,0.2671288980517145,5.1946732818759225,150902002901264,666.95751953125,0.0323987752199173,0.1024108648937413,0.0964769387949767,-0.6720492810541892,-0.6720492810541892,5.0,1.1668079435176069,1.838857224571796,1.838857224571796,1
160,J035410-702439,284.78010847924884,-39.6468628873173,7.3293326270412,0.253565867816133,6.203005900165766,141104003801120,781.0972900390625,0.0424287505447864,0.1048076503409253,0.105184166184842,8.426589326637341,8.96354701518084,1.5811388300841895,8.333842338498897,0.0927469881384439,0.0927469881384439,10
163,J035546-782403,292.7723589610476,-34.80546086863433,5.941566124908582,0.3397654596710352,5.466294324971475,151220002801240,767.2073364257812,0.0426535531878471,0.114581336916934,0.110598458555061,4.464232817734862,4.464232817734862,5.0,2.5257416573707294,1.9384911603641328,1.9384911603641328,1
164,J035627-725014,287.2110781276417,-38.117424680547394,6.118053484547877,0.1628439997764907,5.896168142267534,160916003801234,736.1590576171875,0.0364057645201683,0.1385356374654157,0.1473749405864833,3.068956229867606,4.082010830166107,3.5355339059327373,1.6483080983005038,1.420648131567102,1.420648131567102,2
166,J035644-720927,286.48469300150833,-38.488273590311685,6.157314756810354,0.3721443872375766,5.517141153777985,150827005201128,574.4959716796875,0.0449066944420337,0.0706474000659648,0.0792506995414866,7.952896181035623,7.952896181035623,5.0,7.974196778042935,0.0213005970073121,0.0213005970073121,1
168,J035730-694844,283.9281917450605,-39.74161084784512,6.844556035624168,0.2352480264490459,6.236060887197333,141104003801143,2623.3740234375,0.1021553501486778,0.2894392299952351,0.2810875145628922,7.495570860025616,7.408779089161146,1.212678125181665,7.402179765362642,0.0933910946629739,0.0933910946629739,17
169,J035743-682858,282.44639020951035,-40.43617048248789,10.165156732661393,0.6415347447379018,8.430052028056167,141104003801255,1565.1412353515625,0.1016978919506073,0.259774257296103,0.250452370038439,6.5992379925412905,5.605052853554476,1.1785113019775793,6.800808200118202,0.2015702075769114,0.2015702075769114,18
170,J035745-682904,282.44690181659445,-40.43360183876487,10.077794548748702,0.7816430581834559,7.271030102070688,141104003801289,542.4589233398438,0.1074522957205772,0.2641534110390892,0.2609372690293469,3.3696819835212057,5.605052853554476,1.1785113019775793,1.819328125453345,1.55035385806786,1.55035385806786,18
175,J035845-720848,286.3618583282968,-38.36705702669706,6.84521875338595,1.1165282989540497,5.727259548630411,150827005201128,574.4959716796875,0.0449066944420337,0.0706474000659648,0.0792506995414866,7.952896181035623,8.520935175560059,3.5355339059327373,7.887946835880562,0.0649493451550613,0.0649493451550613,2
176,J035859-791544,293.4728447953111,-34.14748384668744,7.178307838204578,0.2117479927391285,5.903520102540535,151220002801103,532.3281860351562,0.0482900738716125,0.1194289451636382,0.1229009908924949,1.6283956303554863,1.6283956303554863,5.0,1.7178616078903164,0.0894659775348301,0.0894659775348301,1
177,J035911-772200,291.6409774720475,-35.29919570661394,5.920083562821569,0.2439941542717329,5.529301802098189,150902002901075,667.62646484375,0.0322586335241794,0.0549728346148448,0.0590154108485532,5.0264953206285305,5.0264953206285305,5.0,3.25398634736918,1.7725089732593506,1.7725089732593506,1
178,J040020-794904,293.95278418526465,-33.75515373178246,6.341771997270531,0.1820542108539937,5.59756789141581,151220002801103,532.3281860351562,0.0482900738716125,0.1194289451636382,0.1229009908924949,1.6283956303554863,1.6283956303554863,5.0,2.533741245208056,0.9053456148525694,0.9053456148525694,1
179,J040040-700026,283.9516051160657,-39.40721427099695,8.215235064520432,1.9805924492121187,6.6024698610958685,141104003801144,2921.735595703125,0.12037343531847,0.3020847551427281,0.2926853923425868,3.281434123168932,6.400066343015848,1.2909944487358056,1.6858954099734498,1.595538713195482,1.595538713195482,15
180,J040110-790204,293.1790855173064,-34.20602268396881,6.744113955092983,0.2279695338802355,6.063544922367637,151220002801103,532.3281860351562,0.0482900738716125,0.1194289451636382,0.1229009908924949,1.6283956303554863,1.6283956303554863,5.0,2.637486772611064,1.0090911422555773,1.0090911422555773,1
181,J040131-705457,284.8920927508119,-38.86105222089119,5.477184880449321,0.292085493840766,5.116238165741906,150827005201246,749.8964233398438,0.0323552750051021,0.0919172390886868,0.0869316297190032,8.360714609511838,8.80036470191743,3.5355339059327373,7.522924460540876,0.8377901489709618,0.8377901489709618,2
183,J040220-790707,293.2196118253019,-34.11127993044041,7.112502857576177,0.2157834943500149,6.200258215846136,151220002801103,532.3281860351562,0.0482900738716125,0.1194289451636382,0.1229009908924949,1.6283956303554863,0.2624527780438148,3.5355339059327373,2.2448423426735817,0.6164467123180954,0.6164467123180954,2
184,J040247-695523,283.7351426821022,-39.29733471800287,5.778435052467315,0.903803457202842,5.766918002010537,141104003801132,622.8310546875,0.0595457106828689,0.1906823958342201,0.1837043200664586,7.674743898958267,6.923842749852007,1.7677669529663689,5.1085697563322325,2.5661741426260347,2.5661741426260347,8
185,J040252-690218,282.7489650191152,-39.74883389560805,7.199088271424516,0.2660803845580698,6.977675418710102,141104003801278,526.1294555664062,0.1167119294404983,0.2663169501104467,0.2687978224049488,5.12554690832452,4.917633641963688,1.1785113019775793,5.062838618214,0.0627082901105193,0.0627082901105193,18
186,J040329-742124,288.42769201057695,-36.84308987168224,11.256698481057937,2.201248695822746,7.889747116319738,160916003801095,603.8617553710938,0.0312923341989517,0.0487628549507267,0.064849774008005,5.007235285777789,5.007235285777789,5.0,5.0417570992634095,0.0345218134856208,0.0345218134856208,1
188,J040440-724023,286.60641057142635,-37.70445401690321,6.644525014150885,0.3337369532639969,6.40183545042454,160916003801233,868.4421997070312,0.0365568622946739,0.1014789732158293,0.1092582648518469,5.095065430464608,3.890029649321081,2.23606797749979,6.370883862751453,1.2758184322868449,1.2758184322868449,5
189,J040513-723724,286.52532523852824,-37.696698039308096,6.19778813301318,0.2072935121087202,6.12794679401465,160916003801233,868.4421997070312,0.0365568622946739,0.1014789732158293,0.1092582648518469,5.095065430464608,6.436319130256812,3.5355339059327373,6.337817424688952,1.242751994224344,1.242751994224344,2
190,J040531-704153,284.43157144705043,-38.69638197101514,5.32321159005314,0.1629690987511221,5.204013675573533,161218001601235,952.3905639648438,0.0335226245224475,0.1003852429372572,0.0951958689447607,5.481133122099724,5.803406600956766,3.5355339059327373,5.454565810067373,0.026567312032351,0.026567312032351,2
191,J040541-710449,284.84018703073605,-38.4860048574138,4.644326119135802,0.5162356609956659,3.595431429841211,150827005201013,798.2056884765625,0.0580081790685653,0.1582080871733356,0.1410256211996482,5.590229822194491,5.443110170911429,2.886751345948129,7.154756599380355,1.564526777185864,1.564526777185864,3
192,J040659-733405,287.4379457407786,-37.07738547416566,8.294133897721052,1.0671244369589847,7.223964648429712,160916003801159,1168.8389892578125,0.0364908277988433,0.0883239037759113,0.0841205700465455,6.989565931195703,3.8875473341149296,1.889822365046136,7.283597330656315,0.2940313994606125,0.2940313994606125,7
193,J040749-721622,286.01854204582816,-37.71779837900491,8.655526610463106,1.3286974503712954,6.537829047341608,160916003801298,843.84326171875,0.03732306137681,0.0873956443116711,0.084493544664513,7.777572830049015,3.412034335426964,3.5355339059327373,6.636324556688112,1.1412482733609035,1.1412482733609035,2
194,J040828-741616,288.1070123281869,-36.61044128616925,9.747255082052998,0.6377350740525148,7.649891406388171,160916003801095,603.8617553710938,0.0312923341989517,0.0487628549507267,0.064849774008005,5.007235285777789,5.007235285777789,5.0,5.907614964212017,0.900379678434228,0.900379678434228,1
195,J040832-721841,286.02346154118584,-37.65070165766553,7.399130069378053,0.5608286356779726,6.728691311623527,160916003801298,843.84326171875,0.03732306137681,0.0873956443116711,0.084493544664513,7.777572830049015,7.777572830049015,5.0,6.434561489482855,1.3430113405661608,1.3430113405661608,1
196,J040835-721844,286.022571433884,-37.64791831239109,7.41518048468577,0.5502373973797069,6.703931292387075,160916003801298,843.84326171875,0.03732306137681,0.0873956443116711,0.084493544664513,7.777572830049015,7.777572830049015,5.0,6.339640787183559,1.437932042865456,1.437932042865456,1
199,J040907-721916,286.0054568431633,-37.60856738961545,7.688908400429724,0.1626727489245292,7.043810648822182,160916003801298,843.84326171875,0.03732306137681,0.0873956443116711,0.084493544664513,7.777572830049015,7.777572830049015,5.0,6.615928994763666,1.161643835285349,1.161643835285349,1
200,J040914-714206,285.32905960663,-37.92153259445245,7.353032460130804,1.5079496506799668,7.11655157675909,150827005201013,798.2056884765625,0.0580081790685653,0.1582080871733356,0.1410256211996482,5.590229822194491,4.078306706028885,2.5,5.6590713583031125,0.0688415361086214,0.0688415361086214,4
202,J040935-765321,290.7532391108727,-35.10702758881791,6.082767465662735,0.8425773250003297,5.850708891279398,150902002901386,989.57421875,0.0811473578214645,0.2186604757667598,0.2299870178239799,1.6374816908030123,3.6957841957252855,3.5355339059327373,2.678351943318259,1.040870252515247,1.040870252515247,2
203,J040936-765326,290.75427123384657,-35.1055856878533,5.855192124589822,0.3948416175859258,5.779185506809283,150902002901386,989.57421875,0.0811473578214645,0.2186604757667598,0.2299870178239799,1.6374816908030123,3.6957841957252855,3.5355339059327373,2.72719952807477,1.0897178372717575,1.0897178372717575,2
204,J040937-765334,290.75578477897034,-35.10371425705302,5.799384240495142,0.339963856802635,5.715555801771944,150902002901386,989.57421875,0.0811473578214645,0.2186604757667598,0.2299870178239799,1.6374816908030123,3.6957841957252855,3.5355339059327373,1.2466927894936188,0.3907889013093935,0.3907889013093935,2
205,J040958-750018,288.80503446634003,-36.128143050136806,5.901414480828698,0.7117690934271889,5.593355991779904,150101002301214,899.7606201171875,0.0500200763344764,0.180041591066664,0.1824296540311875,8.171889630159408,8.171889630159408,5.0,6.475904684743742,1.695984945415666,1.695984945415666,1
206,J041040-771121,291.01504293075294,-34.888642881334874,7.622769172059526,0.5205111987976536,5.64095747691628,150902002901386,989.57421875,0.0811473578214645,0.2186604757667598,0.2299870178239799,1.6374816908030123,1.6374816908030123,5.0,2.8941372744563543,1.256655583653342,1.256655583653342,1
207,J041042-775042,291.67368583607583,-34.5185316828846,5.748470685655716,0.1802514498499882,5.339166442764052,150902002901075,667.62646484375,0.0322586335241794,0.0549728346148448,0.0590154108485532,5.0264953206285305,5.0264953206285305,5.0,2.828880263069006,2.197615057559525,2.197615057559525,1
209,J041100-764122,290.49503606921127,-35.1508792171559,6.283779193497003,0.2290613718534698,5.752581768475684,150902002901386,989.57421875,0.0811473578214645,0.2186604757667598,0.2299870178239799,1.6374816908030123,1.6374816908030123,5.0,0.7965429151471877,0.8409387756558246,0.8409387756558246,1
210,J041102-764126,290.495070026784,-35.149077758347794,6.441941365769053,0.2275833142642011,5.854653923483065,150902002901386,989.57421875,0.0811473578214645,0.2186604757667598,0.2299870178239799,1.6374816908030123,3.6957841957252855,3.5355339059327373,0.829651534759685,0.8078301560433273,0.8078301560433273,2
211,J041123-762247,290.16410202599855,-35.303347211399874,6.34146637800817,0.2161134742502595,5.723495876549684,150902002901386,989.57421875,0.0811473578214645,0.2186604757667598,0.2299870178239799,1.6374816908030123,3.6957841957252855,3.5355339059327373,3.1897803292582507,1.5522986384552384,1.5522986384552384,2
213,J041258-773857,291.39458824650444,-34.528012421456616,5.612132690639108,0.2836607138736882,5.184699015210297,150902002901075,667.62646484375,0.0322586335241794,0.0549728346148448,0.0590154108485532,5.0264953206285305,5.0264953206285305,5.0,2.9541962708021767,2.072299049826354,2.072299049826354,1
216,J041406-765311,290.5779900366726,-34.895274810207724,6.440240171760328,0.1707003122586491,5.593313091545795,150902002901386,989.57421875,0.0811473578214645,0.2186604757667598,0.2299870178239799,1.6374816908030123,1.6374816908030123,5.0,3.0913479081545363,1.453866217351524,1.453866217351524,1
220,J041439-705437,284.1851145895068,-37.94132993998382,8.721977419511909,0.2875439589823756,7.645345256190295,150827005201013,798.2056884765625,0.0580081790685653,0.1582080871733356,0.1410256211996482,5.590229822194491,4.6580872992905125,1.7677669529663689,2.6309301357783634,2.959299686416128,2.959299686416128,8
221,J041440-705443,284.18634627643195,-37.93947897240189,8.883549285474798,0.9681586491160108,7.79643685535865,150827005201013,798.2056884765625,0.0580081790685653,0.1582080871733356,0.1410256211996482,5.590229822194491,4.967009096166677,1.6666666666666667,2.506858666623964,3.083371155570527,3.083371155570527,9
224,J041648-794855,293.4374470748196,-33.168370262594244,6.359137979418227,0.2716193227517117,5.9158048638694085,160919004601295,1209.5294189453125,0.0305596627295017,0.0997764815479684,0.0953932937329095,5.569244448817864,5.569244448817864,5.0,2.8103091995306424,2.7589352492872217,2.7589352492872217,1
226,J041714-712154,284.5613188867607,-37.53856869771054,8.001044708437869,0.1857282163963666,7.533634458028738,150827005201013,798.2056884765625,0.0580081790685653,0.1582080871733356,0.1410256211996482,5.590229822194491,4.988123741996678,2.041241452319315,5.181387237833953,0.4088425843605376,0.4088425843605376,6
227,J041737-780347,291.65201294857644,-34.09697171013213,6.444336398599434,0.3088009625384471,5.484093994793946,161106004101180,718.4686889648438,0.0333027429878711,0.1142308253252458,0.1113530102282799,5.704988527737491,5.448545106878863,3.5355339059327373,3.1108761168094103,2.594112410928081,2.594112410928081,2
228,J041752-753009,288.9964929046667,-35.43814516626387,6.421685094537599,0.2290765292232039,5.827040175209831,150101002301135,661.25634765625,0.0292081627994775,0.0540322815043306,0.0711606375993941,5.04863284316232,5.04863284316232,5.0,4.742180954120182,0.3064518890421377,0.3064518890421377,1
229,J041755-753016,288.9964930385321,-35.43431042275151,6.632240680518356,0.2015442042338887,6.176459322105454,150101002301135,661.25634765625,0.0292081627994775,0.0540322815043306,0.0711606375993941,5.04863284316232,5.04863284316232,5.0,3.599072960356524,1.4495598828057965,1.4495598828057965,1
231,J042116-753837,289.012997176495,-35.184235827208674,6.525265261075416,0.3012269115401564,5.884739993888807,150101002301135,661.25634765625,0.0292081627994775,0.0540322815043306,0.0711606375993941,5.04863284316232,5.04863284316232,5.0,1.9440040193966608,3.104628823765659,3.104628823765659,1
232,J042347-735736,287.1114436583337,-35.86773004597601,7.4532508544535485,0.9381937234025846,7.051531587834556,161012003201117,596.3721313476562,0.048777800053358,0.1356681623061003,0.1228007579852779,6.750970746916277,7.195402818234372,3.5355339059327373,6.347149486817363,0.4038212600989137,0.4038212600989137,2
233,J042349-724413,285.7752930975382,-36.44410262426733,7.0325084360989685,0.8891848592130831,6.594862664541145,161213002101235,805.24365234375,0.0375251695513725,0.116066787469966,0.112929948748779,5.45428970772058,3.697205795215381,2.5,5.415945077502472,0.0383446302181083,0.0383446302181083,4
234,J042401-792607,292.8459542828677,-33.10144060935405,6.96666523603296,0.2567272540568709,6.206717479103757,160919004601325,1278.1788330078125,0.0440641306340694,0.1294430236487526,0.1265617916085615,4.3551508519142,5.020798266109722,1.6666666666666667,4.272163933965983,0.082986917948217,0.082986917948217,9
235,J042402-724748,285.83096486886865,-36.40125354190018,5.968685610998087,0.2384079723150459,5.545481167721596,161012003201223,789.197265625,0.0394421443343162,0.1056211948669881,0.0997363817977038,3.2295668804789432,3.2295668804789432,5.0,0.2602504548389823,2.969316425639961,2.969316425639961,1
236,J042501-724714,285.7791649518258,-36.34162313361151,6.846715754446743,0.5278883420119783,5.708165340749284,161213002101235,805.24365234375,0.0375251695513725,0.116066787469966,0.112929948748779,5.45428970772058,3.697205795215381,2.5,5.283560889593697,0.1707288181268831,0.1707288181268831,4
240,J042656-721156,285.04626861564907,-36.48060895502281,8.304670021234429,0.6377110191241387,7.602183399221708,161012003201276,1053.1153564453125,0.0830646529793739,0.2396267544638828,0.2277170744378542,-1.0161285241720268,2.1095467015899043,3.5355339059327373,1.036965973960896,2.053094498132923,2.053094498132923,2
242,J042844-725430,285.75818072488715,-36.04229451606884,8.075827316776959,0.3998634966394663,7.431421588822213,161012003201206,982.499755859375,0.043381679803133,0.123907339782301,0.1316823932759872,9.060801708197769,8.526100576250458,3.5355339059327373,5.76749971972601,3.2933019884717583,3.2933019884717583,2
243,J043106-790301,292.2496003414696,-33.01416589419834,7.157299912230339,0.2954873382833913,6.13280009322188,161106004101088,735.3480834960938,0.0575959719717502,0.1861651347458571,0.1797976305740235,2.656030145200617,5.111385306848224,1.118033988749895,1.0758192589005162,1.580210886300101,1.580210886300101,20
244,J043200-711323,283.7384789509671,-36.54491794006037,8.362299471861302,0.7145780022617759,7.370938622210805,161013003801079,1448.7674560546875,0.0307044386863708,0.0742979472025999,0.0726903382954341,2.8322922155481827,3.245362894398121,2.5,2.0778977589432546,0.7543944566049281,0.7543944566049281,4
245,J043206-684632,280.9274948557278,-37.52292886535028,5.421467917063692,0.2952863828305687,5.234475068036779,150831006001003,659.447265625,0.0417245477437973,0.0810856925733795,0.0963413782221432,2.549619305050633,2.549619305050633,5.0,5.591503787217952,3.041884482167318,3.041884482167318,1
247,J043208-724929,285.5291885142027,-35.853965284422344,7.40754861255564,0.3285533853625378,6.38557113694403,161012003201041,1897.615478515625,0.0349638015031814,0.0994515559589705,0.095153786751662,7.991399444303148,7.991399444303148,5.0,5.570452050700093,2.420947393603055,2.420947393603055,1
248,J043209-735432,286.7274945771609,-35.37802919497322,8.495459866053254,0.3785275576143262,7.046650850945396,161012003201102,679.4970092773438,0.089191161096096,0.2030412198344666,0.2085140551156878,3.729690227913871,6.030488016028169,2.23606797749979,4.140661338842719,0.4109711109288483,0.4109711109288483,5
249,J043251-713314,284.0768010733226,-36.345230372930494,8.269202599041119,0.2607559665450317,7.588219090673286,161013003801096,523.8040771484375,0.0358469672501087,0.090185327084554,0.0886885168208116,3.300304443288118,3.144745938878609,2.886751345948129,0.6735471602283407,2.626757283059777,2.626757283059777,3
250,J043253-713324,284.0785146689201,-36.34115724485751,8.991732332227157,0.9724022411117046,7.052095715932258,161013003801096,523.8040771484375,0.0358469672501087,0.090185327084554,0.0886885168208116,3.300304443288118,3.80289110104767,2.041241452319315,2.23033950944899,1.069964933839128,1.069964933839128,6
258,J043655-693032,281.5726483036777,-36.84726941107722,6.412868184405945,0.6669836406002073,6.2585247227646414,150831006001011,860.4401245117188,0.04364475607872,0.1401046705458235,0.1348732716887871,3.1957741926103456,3.443375814164801,1.4433756729740643,2.644984110186173,0.5507900824241725,0.5507900824241725,12
259,J043704-714819,284.1930174663911,-35.93982866730022,7.918854550069626,0.4946811289229476,7.179985931167117,161013003801049,2766.291015625,0.0337813198566436,0.0970951350466999,0.0888604673334579,4.378352507394236,4.88619857585157,1.5811388300841895,4.228637358657877,0.1497151487363597,0.1497151487363597,10
260,J043714-700916,282.3033782247996,-36.57571355475361,7.018595894462337,0.2938336399312257,6.842935226765127,161218002601096,652.7218017578125,0.0342254117131233,0.0879986868964552,0.0832288381031266,5.593512946194068,5.126028482269961,2.5,5.3458355086877845,0.2476774375062831,0.2476774375062831,4
262,J043816-731011,285.6814974574983,-35.302746941004685,7.216188227625499,0.3296187176948039,6.750118713196505,161012003201041,1897.615478515625,0.0349638015031814,0.0994515559589705,0.095153786751662,7.991399444303148,7.755781966292449,3.5355339059327373,7.535188842321572,0.4562106019815761,0.4562106019815761,2
263,J043816-731000,285.6779881352065,-35.30393458071625,6.051184391012412,0.3504424612047963,5.541985252538804,161012003201041,1897.615478515625,0.0349638015031814,0.0994515559589705,0.095153786751662,7.991399444303148,7.755781966292449,3.5355339059327373,5.296051074489552,2.6953483698135967,2.6953483698135967,2
266,J043932-704458,282.8948151267419,-36.170217617270815,10.135541655809591,0.6435258537713303,8.230328443661419,161013003801362,756.715087890625,0.0301249399781227,0.0940949265537253,0.1160203492324782,3.7779434072054254,5.493615840394593,1.7677669529663689,3.2516323112735788,0.5263110959318467,0.5263110959318467,8
267,J043932-704522,282.9024460138706,-36.167347259899394,9.16515061140582,0.3505639594020845,8.281273250379442,161013003801362,756.715087890625,0.0301249399781227,0.0940949265537253,0.1160203492324782,3.7779434072054254,5.489147493752347,1.5811388300841895,2.8123793874511107,0.9655640197543148,0.9655640197543148,10
268,J044008-715718,284.24557436089856,-35.661253393149586,8.930000408899943,0.3642001509120846,7.979930657611582,161219002601126,1847.7379150390625,0.0682403370738029,0.1968409775942349,0.1958112836299342,6.033541309003788,5.691755543694205,1.5811388300841895,3.564736176066082,2.468805132937705,2.468805132937705,10
270,J044047-695217,281.8355774638789,-36.399799175261705,7.987095944948533,1.251215897377356,7.331321642188773,161218002601036,1001.2894897460938,0.0446901693940162,0.1380070344544439,0.1259281067837875,5.684290769860992,4.002923700783725,1.2909944487358056,5.719670125792578,0.0353793559315862,0.0353793559315862,15
272,J044202-692632,281.2894501641372,-36.45344244726677,8.3569894065822,0.6960486807817575,7.532572561372005,161218002601035,506.0211486816406,0.0808985233306884,0.1656407971760582,0.181262790559053,2.226473433715661,3.677160203693742,1.0425720702853738,1.827848244074703,0.398625189640958,0.398625189640958,23
273,J044306-763013,289.19474480262045,-33.6219568680799,7.008442067336505,0.3298389011401914,5.940402182982133,161011002801379,742.2781372070312,0.0346657037734985,0.0410718505651293,0.057979395541487,5.509888065540352,5.509888065540352,5.0,4.021605621004937,1.4882824445354146,1.4882824445354146,1
275,J044346-761015,288.8122681504682,-33.726771204522734,6.6169666257485575,0.2085320381609218,5.962250149211273,161011002801011,1446.7589111328125,0.0350409895181655,0.0531535770861933,0.0553382925029677,6.535145463259937,6.0225167644001445,3.5355339059327373,4.295272838021685,2.2398726252382524,2.2398726252382524,2
276,J044415-684211,280.3412931466774,-36.52314692635438,5.653725578386615,0.5096107429658123,5.151332183814394,161218002601352,837.4616088867188,0.0968922302126884,0.2153476591098742,0.2313633242914349,1.4912667491718263,3.5071594597142024,1.7677669529663689,0.9425167872080832,0.548749961963743,0.548749961963743,8
279,J044517-701428,282.0931663829575,-35.91008006265487,9.146538673561,0.3172942244266994,8.078715591809686,171104001801179,783.1697387695312,0.0688041150569915,0.2434072765918797,0.2365823549971545,4.356810241429034,4.924680020951862,1.4433756729740643,2.7832511884343867,1.5735590529946475,1.5735590529946475,12
280,J044610-720509,284.1779625293921,-35.18138365550251,11.496830596781558,0.9841704932325196,8.9094944395798,161013003801033,1375.204345703125,0.0329420901834964,0.1061840512579556,0.1055613228383653,4.839652508818201,4.701322171420294,1.6666666666666667,5.035881307983424,0.1962287991652225,0.1962287991652225,9
281,J044611-720510,284.177787818625,-35.17968060925103,9.76894225936068,0.2304514463768983,8.263227494267083,161013003801033,1375.204345703125,0.0329420901834964,0.1061840512579556,0.1055613228383653,4.839652508818201,3.98266780947867,2.041241452319315,3.0245985203432824,1.8150539884749184,1.8150539884749184,6
282,J044612-720512,284.1778741367781,-35.17879910405334,11.220623974041825,1.6371511786251798,7.898421945052479,161013003801033,1375.204345703125,0.0329420901834964,0.1061840512579556,0.1055613228383653,4.839652508818201,3.6656942852834433,2.23606797749979,2.3520222562179174,2.487630252600284,2.487630252600284,5
283,J044746-704843,282.6630109907357,-35.516061047022,7.677073343667191,0.2796274089862398,7.491557793028484,161115003201192,885.3984375,0.0620562061667442,0.1673413627600734,0.1748292500029467,4.827842383110696,5.3714305785216965,1.7677669529663689,2.9503650458855444,1.8774773372251512,1.8774773372251512,8
284,J044809-703144,282.323023065026,-35.58365904489078,9.204081301359508,0.2915260654374046,7.639292666593614,161218002601069,947.1061401367188,0.0617363862693309,0.1813378573841903,0.1830762697506631,5.839049406534919,4.939142714716859,2.041241452319315,5.201328575611793,0.6377208309231257,0.6377208309231257,6
285,J044848-741731,286.58073578965895,-34.18155612612472,6.022412043242527,0.3096911148715764,5.941806837760388,170109002101371,504.8479919433594,0.0352850705385208,0.1001934192535186,0.097693421405531,6.022061779239365,6.022061779239365,5.0,5.692598436008338,0.3294633432310272,0.3294633432310272,1
287,J044902-705155,282.68102497539905,-35.40102454827674,8.311896984062109,0.2634941897604322,7.659682687931434,161115003201192,885.3984375,0.0620562061667442,0.1673413627600734,0.1748292500029467,4.827842383110696,4.996000688052892,1.889822365046136,3.547734252472731,1.2801081306379647,1.2801081306379647,7
288,J044902-705148,282.6787581684569,-35.40160257033081,8.409878129917143,0.2650233139942896,7.83455316699315,161115003201192,885.3984375,0.0620562061667442,0.1673413627600734,0.1748292500029467,4.827842383110696,4.996000688052892,1.889822365046136,3.394053181816419,1.4337892012942768,1.4337892012942768,7
289,J044902-705208,282.68474206836714,-35.39898639686353,8.336221846197768,0.2696779586156587,7.919921469489339,161115003201192,885.3984375,0.0620562061667442,0.1673413627600734,0.1748292500029467,4.827842383110696,4.996000688052892,1.889822365046136,3.3749292992082767,1.452913083902419,1.452913083902419,7
290,J044903-705216,282.6852166247241,-35.39713254629874,8.399134055026298,0.2827736395715313,7.797747532146978,161115003201192,885.3984375,0.0620562061667442,0.1673413627600734,0.1748292500029467,4.827842383110696,4.996000688052892,1.889822365046136,3.416639789228896,1.4112025938818,1.4112025938818,7
291,J044928-692630,281.0143148928523,-35.83954499030577,8.088320306616804,0.3197664463288462,7.581681953118273,161218002601033,848.7275390625,0.0751839280128479,0.2046884970987523,0.1982971521421925,3.136051512697076,4.245216514154548,1.1785113019775793,3.444176568544547,0.3081250558474711,0.3081250558474711,18
292,J044948-694013,281.2690972041616,-35.73751223049525,7.881792215546232,0.4225587757294984,7.756673603615154,171104001801179,783.1697387695312,0.0688041150569915,0.2434072765918797,0.2365823549971545,4.356810241429034,4.361603782624858,1.0660035817780522,3.7591232184592087,0.5976870229698257,0.5976870229698257,22
293,J044953-732749,285.6165181808759,-34.42066876281584,7.553722893574159,0.5602869708473089,7.192207626284324,170107002101176,741.8265380859375,0.0780374482274055,0.205323962094938,0.2176267549538174,3.385112185276009,5.111639182416754,2.886751345948129,2.7969702609437146,0.5881419243322945,0.5881419243322945,3
296,J045113-693200,281.06100197059914,-35.66582370072728,7.243034795618392,0.3022070591055265,6.874712076533728,171104001801210,821.4302978515625,0.0652860477566719,0.1967124887786799,0.1836433138485411,2.966479274477024,4.416869545309497,1.2909944487358056,3.004085904633217,0.0376066301561932,0.0376066301561932,15
297,J045114-693152,281.05764118870127,-35.664649781513816,7.124908870512115,0.304160811918071,6.717037603012487,171104001801210,821.4302978515625,0.0652860477566719,0.1967124887786799,0.1836433138485411,2.966479274477024,4.416869545309497,1.2909944487358056,2.9077781843496844,0.0587010901273394,0.0587010901273394,15
298,J045114-693123,281.047985111717,-35.66649560455459,7.394058872863524,0.4934282472678705,6.515354917612059,171104001801210,821.4302978515625,0.0652860477566719,0.1967124887786799,0.1836433138485411,2.966479274477024,4.218282343904253,1.336306209562122,2.814587086718036,0.1518921877589885,0.1518921877589885,14
299,J045122-722110,284.3085874465306,-34.71427925735604,8.869317776238363,0.4863503251419559,7.842612489084317,161115003201117,1076.0679931640625,0.0324898362159729,0.0743246389200904,0.0858350592295861,0.8437022143941757,3.3610026153683115,2.23606797749979,1.4558599324409216,0.6121577180467459,0.6121577180467459,5
300,J045152-692332,280.8737726225037,-35.65631936017442,7.631061046676803,0.5867524676331192,7.060400329206831,161218002601017,540.5184936523438,0.064296968281269,0.1833170749872821,0.1732811335924349,4.775404930931796,4.59325504869054,1.4433756729740643,4.0513156662399386,0.7240892646918571,0.7240892646918571,12
301,J045153-692328,280.87189390494683,-35.65495802984877,7.544733753448372,0.5625568735263324,7.074693741391052,171104001801252,2483.197265625,0.0365015305578708,0.0999978979643726,0.101836985690887,4.430205673592687,4.59325504869054,1.4433756729740643,3.767760046110445,0.6624456274822417,0.6624456274822417,12
302,J045157-760518,288.4860294044424,-33.31077305828404,6.975893855084755,0.8987734186806279,5.92544046049767,161011002801379,742.2781372070312,0.0346657037734985,0.0410718505651293,0.057979395541487,5.509888065540352,5.6991143931047725,3.5355339059327373,4.284878824725601,1.2250092408147513,1.2250092408147513,2
304,J045338-702807,282.0683961736362,-35.172218478694376,7.026765997397564,1.6239158771501607,6.743057287445933,171104001801125,734.041015625,0.0498705320060253,0.149518952254116,0.1781496447510586,1.2812428057411456,4.026945592430635,3.5355339059327373,2.700202515576879,1.4189597098357334,1.4189597098357334,2
305,J045354-692131,280.766615455276,-35.49640286538961,6.361122874387169,0.2448790656840273,6.224717203591088,171104001801252,2483.197265625,0.0365015305578708,0.0999978979643726,0.101836985690887,4.430205673592687,4.478892110837796,2.886751345948129,2.393870578576642,2.0363350950160446,2.0363350950160446,3
306,J045403-691154,280.5739228088287,-35.5324203175218,7.288262963680186,1.1080674332272382,6.788715321302627,171104001801224,1919.1558837890625,0.0430915206670761,0.1311429828730386,0.128395032880774,7.197090364982916,5.178448639686883,2.5,6.6040444735693935,0.5930458914135226,0.5930458914135226,4
307,J045438-751726,287.52533836103913,-33.45503339597963,8.24322241353043,0.324146480764023,6.08774692463142,171208002601217,1291.2236328125,0.0309066344052553,0.0799834316456762,0.0798578905063512,6.501511852035412,6.501511852035412,5.0,4.978936915233467,1.522574936801945,1.522574936801945,1
311,J045541-690629,280.41468486027145,-35.41951558264595,6.26592254726055,0.2674084277806652,6.268632540039994,170115002201225,1694.774658203125,0.0315757133066654,0.0888353206498529,0.0851824512638098,4.106080472146299,4.106080472146299,5.0,3.757550507248152,0.3485299648981472,0.3485299648981472,1
312,J045545-694830,281.23167363084696,-35.20532442061875,6.836772514681282,0.2693523212509648,6.659891213097676,171104001801251,696.0181884765625,0.032802827656269,0.0810780476850292,0.0836346820346546,4.9804180480256335,3.9091642865831,2.886751345948129,4.135361403059822,0.8450566449658119,0.8450566449658119,3
313,J045551-690210,280.32497396699785,-35.42702819096315,6.348093515185114,0.4246930368097205,6.137360156624967,170115002201225,1694.774658203125,0.0315757133066654,0.0888353206498529,0.0851824512638098,4.106080472146299,4.106080472146299,5.0,4.4337403782852185,0.3276599061389191,0.3276599061389191,1
314,J045608-701434,281.72561642363274,-35.04242393987196,5.786696343418821,0.57435010258425,5.692653569767629,171104001801114,912.4920654296876,0.0297459680587053,0.1025573899388878,0.1008693020738279,6.772648379120124,6.772648379120124,5.0,7.841077447415243,1.068429068295119,1.068429068295119,1
315,J045613-761757,288.60472274480463,-32.99526212082249,7.667745539139434,0.1922913640930591,6.401343638088698,171208002601169,568.73681640625,0.040997814387083,0.1155391356115106,0.1251893746996725,5.888340720669193,5.888340720669193,5.0,4.640659941574016,1.2476807790951776,1.2476807790951776,1
316,J045633-730709,285.02290263508195,-34.09195216010278,8.870149529853244,0.8846481894204071,8.33374698167744,170107002101176,741.8265380859375,0.0780374482274055,0.205323962094938,0.2176267549538174,3.385112185276009,2.8033893468865023,1.5811388300841895,-0.5859755067057516,3.9710876919817606,3.9710876919817606,10
317,J045730-731750,285.1981881546268,-33.96807101235666,8.275565432255805,0.593152157977534,7.934094405503607,170107002101176,741.8265380859375,0.0780374482274055,0.205323962094938,0.2176267549538174,3.385112185276009,4.168850522085527,1.386750490563073,4.542084032636525,1.1569718473605155,1.1569718473605155,13
318,J045730-750644,287.24740061695394,-33.347826659986175,6.151327546423143,0.8248831763588396,5.422329831633583,170109002101069,1100.53173828125,0.030582521110773,0.1045440027527944,0.0968191358265614,7.488584432240881,7.488584432240881,5.0,4.714435326520347,2.774149105720534,2.774149105720534,1
319,J045735-750700,287.2499076508087,-33.34171583403707,5.920278476638559,0.5531233600430239,5.28877637046011,171208002601217,1291.2236328125,0.0309066344052553,0.0799834316456762,0.0798578905063512,6.501511852035412,6.501511852035412,5.0,4.948345428326755,1.5531664237086569,1.5531664237086569,1
320,J045746-691937,280.6055734001222,-35.17974922804628,6.708195547831555,0.5631244478207867,6.4588464712601885,171104001801364,841.3013305664062,0.0375361181795597,0.07515854999941,0.0735629256355381,10.233547233140923,10.25700406633286,3.5355339059327373,8.676244792933849,1.557302440207076,1.557302440207076,2
321,J045747-691928,280.6021781644895,-35.178902532696696,7.060357223624307,0.7099892258409943,6.616749789155813,170115002201184,568.6951904296875,0.0431003049015998,0.1162997485000375,0.1116146157639996,10.2804608995248,8.206696201604009,2.886751345948129,9.14598672890382,1.1344741706209778,1.1344741706209778,3
322,J045856-754649,287.9569597045835,-33.02896417528388,7.612989054775623,0.207026566563271,6.5305936012320185,171208002601169,568.73681640625,0.040997814387083,0.1155391356115106,0.1251893746996725,5.888340720669193,6.194926286352303,3.5355339059327373,4.740431586420831,1.147909134248362,1.147909134248362,2
326,J050036-720626,283.74826041708934,-34.12957678151822,6.099957645945365,1.00698917045964,5.152775686842355,171106004201363,578.34716796875,0.0989484339952468,0.1961861447549346,0.1828170126601429,3.0941843489422745,4.052395359700715,2.041241452319315,2.8170929332799064,0.277091415662368,0.277091415662368,6
327,J050200-693150,280.7173049455035,-34.76615012484136,7.283117669351884,2.553967353035364,6.7994907313344815,171104001801364,841.3013305664062,0.0375361181795597,0.07515854999941,0.0735629256355381,10.233547233140923,9.944976146246706,2.886751345948129,9.873863565178466,0.3596836679624591,0.3596836679624591,3
328,J050200-693158,280.719437223284,-34.76488495814618,7.341452751179948,1.553533701761717,6.922696356475838,171104001801364,841.3013305664062,0.0375361181795597,0.07515854999941,0.0735629256355381,10.233547233140923,10.684197923076647,2.5,9.91954616269076,0.3140010704501641,0.3140010704501641,4
329,J050201-693151,280.71680841943817,-34.76375022549421,7.046106844677435,2.03477095350378,6.92038854203796,171104001801364,841.3013305664062,0.0375361181795597,0.07515854999941,0.0735629256355381,10.233547233140923,9.944976146246706,2.886751345948129,9.925471007132495,0.3080762260084295,0.3080762260084295,3
330,J050202-693154,280.71713879759767,-34.76203153204836,7.175672151089706,5.4920220162934825,6.808421633054955,171104001801364,841.3013305664062,0.0375361181795597,0.07515854999941,0.0735629256355381,10.233547233140923,9.944976146246706,2.886751345948129,9.90136865383125,0.3321785793096747,0.3321785793096747,3
333,J050325-725841,284.6696865631163,-33.66290909283509,8.114074545143552,0.1877239205103185,7.485941965667397,171106004201378,935.2479248046876,0.0540940091013908,0.1341011147565703,0.147615899889785,4.707847320828094,4.637672516492934,1.336306209562122,4.6157249638765805,0.0921223569515135,0.0921223569515135,14
336,J050907-733303,285.1802633913959,-33.10195094503002,8.168075089858112,1.0573518285019825,7.756102091170411,170107002101072,751.9657592773438,0.0405320338904857,0.1339895445664003,0.1235269998741607,8.385689712007181,8.312769615691417,2.041241452319315,7.705020113528289,0.6806695984788922,0.6806695984788922,6
337,J051157-733244,285.1069581919335,-32.91024251208763,8.51273609556309,0.4468915959245911,8.278274389865679,170107002101072,751.9657592773438,0.0405320338904857,0.1339895445664003,0.1235269998741607,8.385689712007181,8.348513813621858,1.7677669529663689,7.661868907725842,0.7238208042813392,0.7238208042813392,8
339,J051247-751332,287.0033907988628,-32.38490892195258,6.442341419956758,0.2608655105056462,6.446508339146712,150208002701213,1033.2862548828125,0.0357318222522735,0.088798421876921,0.0898776907550829,5.101740523452975,6.613864693546168,3.5355339059327373,6.560340700000499,1.4586001765475247,1.4586001765475247,2
344,J051446-744126,286.3525731639229,-32.41128885066119,7.466596388936683,1.3566894808790573,6.9894245237952175,180101003601147,1456.155029296875,0.0952043831348419,0.22364491919235,0.2164287429946809,5.4311905147297175,3.572856046495959,2.041241452319315,5.951856968041881,0.5206664533121632,0.5206664533121632,6
347,J051619-733601,285.0728163983155,-32.59821544016644,8.122411889885205,0.5576619173533501,7.952291436751032,180101003601216,915.5651245117188,0.0451132133603096,0.1083452124480222,0.120827558516885,7.482225358984907,7.708730012023049,1.7677669529663689,7.027509108944846,0.454716250040061,0.454716250040061,8
354,J051854-741447,285.75919272503853,-32.26133105568592,9.08316290512454,0.2963355779060904,8.5331100725504,180101003601147,1456.155029296875,0.0952043831348419,0.22364491919235,0.2164287429946809,5.4311905147297175,4.548704608440205,1.507556722888818,6.525271995444874,1.0940814807151569,1.0940814807151569,11
356,J052105-695939,280.7935921597171,-33.05337953752936,4.621274653474308,0.171987362652591,4.652945270159115,171227002601296,1847.715087890625,0.0298251267522573,0.08863532894388,0.084971594803441,5.971994265739252,5.971994265739252,5.0,6.876402474086865,0.904408208347613,0.904408208347613,1
357,J052129-745638,286.5061842568899,-31.9214011426286,7.304479240572776,0.7855832051149784,7.076599268870082,150208002701285,626.7086181640625,0.0318910256028175,0.114553694046927,0.1266221253179612,6.552416562787588,6.585973167344875,2.041241452319315,6.354424183695107,0.1979923790924811,0.1979923790924811,6
360,J052305-734523,285.1156620284617,-32.099103204289534,7.576201475508482,0.1789202064197057,7.115048247058092,180101003601215,1820.474609375,0.0328800678253173,0.1007206074251222,0.1008827220980356,7.854367524242395,7.311102849291324,2.041241452319315,7.488808717890381,0.3655588063520145,0.3655588063520145,6
361,J052309-731408,284.51493800583063,-32.21190946006284,6.5535603753543725,0.4091159481760614,6.483267031295561,180101003601259,756.4223022460938,0.0666097849607467,0.1113772726608887,0.1187709818087007,4.432446841879786,4.432446841879786,5.0,5.819853449760036,1.3874066078802496,1.3874066078802496,1
363,J052416-741419,285.6472143468979,-31.909910303708653,12.25102998755422,0.4348798023065898,8.989009193562334,180101003601147,1456.155029296875,0.0952043831348419,0.22364491919235,0.2164287429946809,5.4311905147297175,4.267666581392893,1.25,6.946779931642947,1.5155894169132296,1.5155894169132296,16
371,J052626-655623,275.917847739338,-33.22141171638699,4.626502269485558,0.2011725621848607,4.391636718082138,161210004201122,1284.947998046875,0.0393003523349761,0.1166161256057946,0.1116281562805551,8.581846818769506,8.581846818769506,5.0,4.949427381428845,3.632419437340661,3.632419437340661,1
372,J052627-655607,275.91222147866847,-33.22067299039503,4.433210912905359,0.1520845408618094,4.297683763273894,180101002601335,721.7778930664062,0.0385429486632347,0.1343765923041235,0.1424422185429089,8.566156295549542,8.574001557159523,3.5355339059327373,5.012173743046963,3.5539825525025783,3.5539825525025783,2
376,J052810-650352,274.8535582511081,-33.14867974560777,4.2386204371508684,0.2059193357337335,3.95730414052299,161210004201171,580.8860473632812,0.0389158725738525,0.072923258360099,0.0775097497789393,9.661040173477767,9.661040173477767,5.0,8.236797795398425,1.4242423780793434,1.4242423780793434,1
377,J052847-683622,279.02505390240407,-32.623247004676806,5.60170788187527,0.1326964893438884,5.38735198301865,170108002201301,1244.249755859375,0.0331127531826496,0.121898850460518,0.1076040215757785,7.217565867929251,7.217565867929251,5.0,7.433452906772718,0.2158870388434675,0.2158870388434675,1
378,J052905-765700,288.65690506642386,-30.98916319277366,6.856742805871441,0.2911718066351452,6.185347734810368,170107002601177,860.038330078125,0.0306449513882398,0.0779494989940804,0.0876700480087065,5.808166470621085,5.808166470621085,5.0,4.699127183408606,1.1090392872124788,1.1090392872124788,1
379,J052916-762511,288.0521819297438,-31.10163049499729,6.547656082129588,0.5003763909646166,5.924014780160031,170107002601177,860.038330078125,0.0306449513882398,0.0779494989940804,0.0876700480087065,5.808166470621085,5.808166470621085,5.0,4.061701515429089,1.7464649551919962,1.7464649551919962,1
380,J052929-724528,283.8505793573107,-31.857743086590688,6.037038241950491,0.1778507149572404,5.760504335169954,171206003601144,628.0803833007812,0.038440179079771,0.1061152591522093,0.0974286772932758,-5.18115370824819,-2.8759661630882856,3.5355339059327373,-6.397491979297373,1.2163382710491826,1.2163382710491826,2
382,J053009-664810,276.881601304062,-32.74191052413017,4.703458229959606,0.1474166534450334,4.591225075174121,180101002601021,1404.7369384765625,0.039966020733118,0.0905379312117783,0.1048061082859818,7.652164278232682,7.866193996380684,2.5,7.22547632374848,0.4266879544842021,0.4266879544842021,4
383,J053029-751334,286.6720392862126,-31.293093451359105,5.800111286130332,2.5353600437370214,5.795434082508748,150208002701346,606.50439453125,0.03726127743721,0.1278955936198727,0.1249666701541292,1.841261330702899,2.027711171851439,3.5355339059327373,1.4830272367459765,0.3582340939569228,0.3582340939569228,2
384,J053106-654441,275.6189417287976,-32.770585325419084,4.666715504636675,0.1209564670684847,4.269187230362159,161210004201122,1284.947998046875,0.0393003523349761,0.1166161256057946,0.1116281562805551,8.581846818769506,8.581846818769506,5.0,5.37672456387662,3.2051222548928866,3.2051222548928866,1
385,J053246-634819,273.30269551463186,-32.77624217415731,4.275550269814415,0.1899565644296197,4.16494005345653,161209002901389,812.6494140625,0.030243881046772,0.0639494672715432,0.0645617332591218,8.11678039611855,8.11678039611855,5.0,7.938556471596386,0.1782239245221637,0.1782239245221637,1
386,J053249-634813,273.300298742905,-32.77117846908394,4.041847973549921,0.424749110242623,3.8588451805541375,161209002901389,812.6494140625,0.030243881046772,0.0639494672715432,0.0645617332591218,8.11678039611855,8.11678039611855,5.0,6.064917940213996,2.051862455904554,2.051862455904554,1
389,J053424-732718,284.5778097348548,-31.37843793294549,6.803083889463494,0.1583163868440017,6.470986007332922,180101003601370,2115.442138671875,0.0702049955725669,0.1053269796148624,0.1229332037556024,5.0797962605180125,5.0797962605180125,5.0,5.214824546705164,0.1350282861871514,0.1350282861871514,1
390,J053424-732724,284.57974657866123,-31.37811860378269,6.913348942366219,0.1598649854657793,6.504762003154931,180101003601370,2115.442138671875,0.0702049955725669,0.1053269796148624,0.1229332037556024,5.0797962605180125,5.0797962605180125,5.0,5.106060424832607,0.0262641643145942,0.0262641643145942,1
391,J053425-732731,284.5819486214001,-31.37651356135009,6.976737097609928,0.2997365841889436,6.561289797927534,180101003601370,2115.442138671875,0.0702049955725669,0.1053269796148624,0.1229332037556024,5.0797962605180125,5.0797962605180125,5.0,5.488625687792261,0.4088294272742487,0.4088294272742487,1
393,J053542-660145,275.89856466696904,-32.27428993356913,3.8971946222687626,0.1739321714365412,3.839006467888309,161210004201122,1284.947998046875,0.0393003523349761,0.1166161256057946,0.1116281562805551,8.581846818769506,8.581846818769506,5.0,6.529376278584174,2.0524705401853325,2.0524705401853325,1
394,J053542-660156,275.90183313292346,-32.27353205334799,4.094866290434095,0.1558754338252928,3.9825098719151018,161210004201122,1284.947998046875,0.0393003523349761,0.1166161256057946,0.1116281562805551,8.581846818769506,8.581846818769506,5.0,6.854523341537824,1.727323477231682,1.727323477231682,1
395,J053542-660206,275.9052165565988,-32.273191418794426,3.862041751601915,0.1504705541554657,3.631398240852489,161210004201122,1284.947998046875,0.0393003523349761,0.1166161256057946,0.1116281562805551,8.581846818769506,8.581846818769506,5.0,6.621927580360952,1.9599192384085544,1.9599192384085544,1
396,J053544-660204,275.9042271040855,-32.27094341054377,3.90252305785257,0.1414283226864267,3.76587968063592,161210004201122,1284.947998046875,0.0393003523349761,0.1166161256057946,0.1116281562805551,8.581846818769506,8.581846818769506,5.0,6.616856688209162,1.964990130560344,1.964990130560344,1
397,J053545-660145,275.89788672442864,-32.2699109485491,3.910463110124893,0.1236178369416377,3.83973933612456,161210004201122,1284.947998046875,0.0393003523349761,0.1166161256057946,0.1116281562805551,8.581846818769506,8.581846818769506,5.0,5.804883835675778,2.7769629830937284,2.7769629830937284,1
398,J053547-660146,275.8976151910118,-32.26521187964578,3.971183093838013,0.1089353930741571,3.876804834205846,161210004201122,1284.947998046875,0.0393003523349761,0.1166161256057946,0.1116281562805551,8.581846818769506,8.581846818769506,5.0,6.549906368381981,2.031940450387525,2.031940450387525,1
407,J054002-735616,285.0564837320195,-30.90760914869012,8.140398597233789,0.9818601833880022,7.803858279183492,180101003601370,2115.442138671875,0.0702049955725669,0.1053269796148624,0.1229332037556024,5.0797962605180125,5.0797962605180125,5.0,6.670483852724824,1.5906875922068116,1.5906875922068116,1
413,J054049-625124,272.11867008562047,-31.931880905435875,5.044045160774553,0.2625957814622874,4.78514947688516,161211003901043,606.8726196289062,0.0443817228078842,0.0930560421071283,0.0934704840064961,10.823087077055268,10.823087077055268,5.0,5.486810634452915,5.336276442602353,5.336276442602353,1
415,J054105-735345,284.99482713506444,-30.84257184271354,7.88402898971021,0.984446102350797,7.670570259110345,161219003601265,700.3763427734375,0.0491580255329608,0.1027137594125788,0.1114166915648028,8.557080991685877,8.557080991685877,5.0,6.769739232571236,1.787341759114641,1.787341759114641,1
417,J054135-680041,278.1612878525653,-31.52126016748039,5.7080252164274565,1.1363158287382222,5.747017767579517,150107002201070,606.5010986328125,0.0374479703605175,0.1106510439358285,0.1160870356514992,2.87346470422092,2.87346470422092,5.0,6.145298862041086,3.271834157820166,3.271834157820166,1
418,J054150-733215,284.5730004278737,-30.844149541934243,8.27735539175869,0.6733242570803862,7.997844660199921,161219003601265,700.3763427734375,0.0491580255329608,0.1027137594125788,0.1114166915648028,8.557080991685877,8.557080991685877,5.0,8.606944550766972,0.0498635590810945,0.0498635590810945,1
420,J054219-733129,284.5524997233172,-30.8122494287069,8.226271525312116,0.2342796013007657,7.851603487888438,161219003601265,700.3763427734375,0.0491580255329608,0.1027137594125788,0.1114166915648028,8.557080991685877,8.557080991685877,5.0,6.161754911087368,2.395326080598509,2.395326080598509,1
421,J054220-733135,284.5541965566379,-30.81137105005145,8.958164637874589,0.2874922460223422,8.073332970921525,161219003601265,700.3763427734375,0.0491580255329608,0.1027137594125788,0.1114166915648028,8.557080991685877,8.557080991685877,5.0,5.714473309313551,2.8426076823723267,2.8426076823723267,1
422,J054239-733635,284.64656933646137,-30.776384801313256,8.252407364584508,0.2293833172353544,7.808465756538716,161219003601265,700.3763427734375,0.0491580255329608,0.1027137594125788,0.1114166915648028,8.557080991685877,9.211437900230884,3.5355339059327373,7.438305206801813,1.1187757848840647,1.1187757848840647,2
426,J054427-715528,282.6807149937795,-30.866950171540275,5.442274613380179,4.777721456136777,5.231185639773134,171104002801176,522.9456787109375,0.0300207864493131,0.0885402196369464,0.0899977926449221,8.867007720562874,8.867007720562874,5.0,7.109634146708336,1.7573735738545384,1.7573735738545384,1
428,J054608-712741,282.1272908364723,-30.78693575991429,6.36501404773553,0.4268887360410108,6.075706719438374,171104002801176,522.9456787109375,0.0300207864493131,0.0885402196369464,0.0899977926449221,8.867007720562874,8.867007720562874,5.0,6.718132215737719,2.148875504825156,2.148875504825156,1
430,J054755-741738,285.3758624592583,-30.322681991354468,7.473646916554745,0.2001475184752926,7.013382564191177,161219003601244,1457.5040283203125,0.0488400049507617,0.154800202822439,0.144797590929379,6.084604270746263,7.156292573413819,2.23606797749979,5.848475310462931,0.2361289602833327,0.2361289602833327,5
432,J054901-712012,281.95612246223624,-30.57088026840998,7.426110629360573,0.3678626527608473,7.0920446262030845,171104002801176,522.9456787109375,0.0300207864493131,0.0885402196369464,0.0899977926449221,8.867007720562874,8.867007720562874,5.0,8.230910144615478,0.6360975759473959,0.6360975759473959,1
433,J054951-745935,286.1593813720785,-30.10654759291593,6.859720829492677,0.1832039890409382,6.632748633492155,161219003601127,941.3558959960938,0.0431086122989654,0.1382483299584401,0.1327945325534278,6.93483254433926,7.123809175992334,3.5355339059327373,5.082733681600336,1.852098862738924,1.852098862738924,2
435,J055130-691631,279.5511977492718,-30.524241325094167,5.080641307969268,0.755924988347674,5.037867579144406,161217004101332,790.8062133789062,0.058465227484703,0.1452741250252539,0.1425901915585694,-6.600020860127091,-6.600020860127091,5.0,-6.368508762801414,0.2315120973256768,0.2315120973256768,1
436,J055732-741646,285.2781722077796,-29.677612237938163,8.412296244108118,0.2152401566287598,8.013145687744007,161219003601244,1457.5040283203125,0.0488400049507617,0.154800202822439,0.144797590929379,6.084604270746263,6.94746495497024,1.386750490563073,5.519330404492677,0.5652738662535866,0.5652738662535866,13
437,J055845-745904,286.0785408804861,-29.53465469457212,7.755704110755576,0.2567845078377588,7.36774262906934,161219003601058,522.048095703125,0.0441198199987411,0.1399102311926649,0.1340669256378859,5.016049842749091,5.840798477310297,2.041241452319315,4.780280772808952,0.2357690699401384,0.2357690699401384,6
438,J055926-744032,285.71945911949626,-29.516713323562573,8.303864632965931,0.247142927028877,8.055930218576156,161219003601042,516.2168579101562,0.0322011560201644,0.0948541424369938,0.0865368879824964,5.497476214426172,5.834253565781746,2.886751345948129,4.592843664024312,0.9046325504018596,0.9046325504018596,3
439,J055939-751109,286.302079153044,-29.458785248086578,7.321638020581638,2.622651088931689,7.239841311207455,161219003601058,522.048095703125,0.0441198199987411,0.1399102311926649,0.1340669256378859,5.016049842749091,5.584252789427989,2.5,4.216273521659376,0.7997763210897144,0.7997763210897144,4
442,J060055-724624,283.5303466860265,-29.54838238107493,7.543471686448132,1.1386417278402017,7.249795066168735,170219002101149,1272.7840576171875,0.0443821027874946,0.1119713981908318,0.114693822177606,4.509839516814168,4.509839516814168,5.0,4.049670839372119,0.4601686774420486,0.4601686774420486,1
444,J060135-695541,280.25884883803946,-29.61677681937597,5.2593126060879145,0.6765629504001025,5.0830815968715335,171206004601247,606.8623657226562,0.0357681140303611,0.0510435403438815,0.0663191461416412,9.55373473944542,10.04266270044304,2.886751345948129,9.403373152420787,0.1503615870246317,0.1503615870246317,3
447,J060316-743952,285.68491334600753,-29.26485090674104,8.785909860999165,4.085815790969306,8.084236935674202,161219003601398,1292.0299072265625,0.0770944729447364,0.1882385521162887,0.192787456585488,7.028690297716599,6.055786173893904,1.4433756729740643,4.616562710925705,2.412127586790894,2.412127586790894,12
449,J060533-733420,284.42527288613127,-29.17143569736645,7.594466218441672,1.7357866126096877,6.963939213411647,170219002101116,1782.51123046875,0.0478115491569042,0.1548018673393426,0.1467793164452903,6.110133314552067,3.693125007589628,2.5,3.79594051375633,2.314192800795737,2.314192800795737,4
450,J060540-742521,285.3969763916618,-29.119658076725333,9.33641157525272,0.2619824560398706,8.217128074142883,161219003601398,1292.0299072265625,0.0770944729447364,0.1882385521162887,0.192787456585488,7.028690297716599,6.329433695031643,1.25,5.192689745525744,1.8360005521908551,1.8360005521908551,16
451,J060822-752100,286.4454145593932,-28.894436525263146,6.9650804561641415,0.175703046136499,6.547042775998834,161219003601058,522.048095703125,0.0441198199987411,0.1399102311926649,0.1340669256378859,5.016049842749091,5.362345202256729,2.041241452319315,3.640184114993056,1.3758657277560349,1.3758657277560349,6
452,J060842-732144,284.1752344427086,-28.95554374742981,7.291374896090669,0.1904061425755081,6.697642261065743,170219002101066,562.568359375,0.0510633774101734,0.1446111241637192,0.1464576463776841,6.07440857828087,6.07440857828087,5.0,4.502783908227393,1.5716246700534775,1.5716246700534775,1
453,J060900-705524,281.38761134285204,-28.97899676845251,6.60548313614208,2.198781528348568,6.546383991589023,171206004601113,892.1865234375,0.0437382608652114,0.1382672697829223,0.1281903987909104,5.972059419659585,5.972059419659585,5.0,3.583898017703516,2.388161401956069,2.388161401956069,1
454,J060902-705506,281.38281513980667,-28.976454418503703,6.55937998208762,0.1852126012191135,6.5278382655041085,171206004601113,892.1865234375,0.0437382608652114,0.1382672697829223,0.1281903987909104,5.972059419659585,6.131148356678897,3.5355339059327373,3.843963060517517,2.1280963591420687,2.1280963591420687,2
455,J061011-724813,283.5340182060476,-28.86211310630572,6.516669296998981,0.3777600200350884,6.128153585199416,170219002101079,1979.9288330078125,0.0315042734146118,0.0995201221659942,0.0981905756380071,7.4536988130195105,7.4536988130195105,5.0,3.903329616995825,3.5503691960236856,3.5503691960236856,1
456,J061013-743151,285.5068212496003,-28.81159472673308,8.597340336461105,0.4641095520288641,7.114182984034464,170202000701177,1198.5523681640625,0.0496605187654495,0.1286298239154769,0.1311345099452119,4.520781119935426,5.940367228019461,1.1470786693528088,3.931196891068272,0.5895842288671544,0.5895842288671544,19
457,J061014-743208,285.5104439577643,-28.810085139143663,8.45025557153627,0.1983844910195294,7.354654558608914,170202000701177,1198.5523681640625,0.0496605187654495,0.1286298239154769,0.1311345099452119,4.520781119935426,5.388144686497967,1.336306209562122,3.98954293857696,0.5312381813584661,0.5312381813584661,14
458,J061014-743214,285.51238366603684,-28.80949251262764,8.475023648576098,0.180201280872776,7.493175649232965,170202000701177,1198.5523681640625,0.0496605187654495,0.1286298239154769,0.1311345099452119,4.520781119935426,5.165734273579447,1.4433756729740643,4.044216763381604,0.4765643565538227,0.4765643565538227,12
459,J061024-711917,281.8416621212846,-28.86300955587048,5.991307513313402,0.5726262476940751,5.906444899144532,170219002101315,2346.44140625,0.0391133874654769,0.1079955806724116,0.1048053087430606,3.900775191548808,5.387690634968867,2.886751345948129,2.481199493906549,1.419575697642257,1.419575697642257,3
460,J061030-700235,280.381893765401,-28.853263409072543,5.543833940050259,0.376016798327301,5.2336475948408285,171206004601369,846.698974609375,0.031215377151966,0.0880887848185682,0.0893765605117267,6.844600097484612,6.844600097484612,5.0,5.608291549755028,1.2363085477295843,1.2363085477295843,1
461,J061328-741046,285.09767465378525,-28.602162499468875,7.787963567754879,0.2266422077795671,7.122282859946796,170202000701190,2406.833740234375,0.0657931193709373,0.157379668999798,0.1621233380481301,3.600636080557379,5.72543519744723,1.4433756729740643,3.697456285018787,0.0968202044614079,0.0968202044614079,12
28,J010214-801239,302.35759836878066,-36.90528869340715,4.857993615715261,0.3886382954574104,4.605229313185144,141103003101061,408.4507446289063,0.0533513575792312,0.1362867086769011,0.131181588391038,5.041664653398476,5.041664653398476,5.0,3.0090778036232986,2.032586849775177,2.032586849775177,1
29,J010218-754650,302.04268290769085,-41.32864730297864,4.215454032242091,0.3443417586123907,4.135335082416362,150705006401309,931.5885009765624,0.0359147377312183,0.065072403877071,0.0820322909423437,8.506430415893046,6.52848731203655,3.5355339059327373,7.938055712857085,0.5683747030359614,0.5683747030359614,2
30,J010236-762313,302.0645328653529,-40.72239710528017,4.558806145854053,0.2376150657151339,4.235184946513839,150705006401251,433.1639099121094,0.0297489874064922,0.0477390908567883,0.0624571408874445,4.550544208180053,4.550544208180053,5.0,7.2050884383001375,2.6545442301200843,2.6545442301200843,1
31,J010238-762315,302.0625771326994,-40.72163490866326,4.498907771482302,0.2147563299002882,4.248404284445658,150705006401251,433.1639099121094,0.0297489874064922,0.0477390908567883,0.0624571408874445,4.550544208180053,4.550544208180053,5.0,7.076889978880868,2.5263457707008152,2.5263457707008152,1
34,J010251-753523,301.9832440702127,-41.51734918068752,4.66450141775634,0.1438745405342591,4.5386852653540215,150705006401309,931.5885009765624,0.0359147377312183,0.065072403877071,0.0820322909423437,8.506430415893046,8.506430415893046,5.0,9.88581573472944,1.3793853188363947,1.3793853188363947,1
42,J011321-752819,301.09691934741187,-41.5778507314739,4.0141289091915295,0.2748335810815464,3.994498526481897,150705006401309,931.5885009765624,0.0359147377312183,0.065072403877071,0.0820322909423437,8.506430415893046,8.506430415893046,5.0,8.05831977186668,0.4481106440263662,0.4481106440263662,1
43,J011344-803517,301.79934251402034,-36.490974030623136,5.2859051689885215,0.289985624423776,5.089200426753976,141103003101061,408.4507446289063,0.0533513575792312,0.1362867086769011,0.131181588391038,5.041664653398476,5.041664653398476,5.0,2.573654976490604,2.4680096769078723,2.4680096769078723,1
44,J011348-803455,301.79555765561867,-36.49665432236608,5.002932595605912,0.3832952958226994,4.840189932766902,141103003101061,408.4507446289063,0.0533513575792312,0.1362867086769011,0.131181588391038,5.041664653398476,5.041664653398476,5.0,2.9802200900885056,2.06144456330997,2.06144456330997,1
46,J011440-803741,301.7577671829528,-36.44699376004337,5.175683349688759,0.2635466336143497,4.993629119443824,141103003101061,408.4507446289063,0.0533513575792312,0.1362867086769011,0.131181588391038,5.041664653398476,5.041664653398476,5.0,2.81064778928061,2.2310168641178656,2.2310168641178656,1
73,J015153-795153,299.6438784687878,-36.87432581703123,5.285111329597723,0.5345884992255657,5.145212589958756,150704002301129,2277.08203125,0.0294950418174266,0.0807566056921225,0.0778049733521816,4.195772862565105,4.658169107593823,3.5355339059327373,3.5667744805117763,0.6289983820533291,0.6289983820533291,2
82,J020211-762006,297.55196367208976,-40.04501620705182,3.954377344316115,0.2327855074914877,3.7640930934115566,140805004801170,909.0890502929688,0.0423721708357334,0.137117148049536,0.1348092897389967,6.911785284536579,6.911785284536579,5.0,6.926899557105257,0.0151142725686774,0.0151142725686774,1
83,J020216-762004,297.545733518184,-40.04375734769346,3.5451390665300804,0.2461585192938147,3.3081590579446707,140805004801170,909.0890502929688,0.0423721708357334,0.137117148049536,0.1348092897389967,6.911785284536579,6.911785284536579,5.0,6.810507001726734,0.1012782828098455,0.1012782828098455,1
105,J031157-783612,294.830230629517,-36.21511479164897,6.407583091987164,0.1893014092500418,5.84369072186741,150828005701118,800.0272827148438,0.0404399782419204,0.0864654052612563,0.0826202368860742,2.694132735056801,2.694132735056801,5.0,1.6043242913744142,1.0898084436823867,1.0898084436823867,1
110,J031836-795958,295.6420744545187,-34.94701069709415,5.894380716919359,0.3322689657963869,5.256107708865293,150828005201225,2645.439453125,0.0316578708589077,0.0599566003442671,0.0636250662548475,2.418145887528734,2.418145887528734,5.0,1.921235751444497,0.4969101360842369,0.4969101360842369,1
128,J032658-763905,292.458390061254,-37.12882058463743,7.516758398791524,0.5005036725699845,7.157080439515755,150828005701277,441.6629333496094,0.0686661973595619,0.2279863835168752,0.2146493837068334,4.677194962145498,4.40353532039564,3.5355339059327373,3.77143856263104,0.9057563995144572,0.9057563995144572,2
130,J032718-763747,292.42232381111234,-37.13077641629424,8.221369756951042,0.3729202877650631,7.194660975920832,150828005701277,441.6629333496094,0.0686661973595619,0.2279863835168752,0.2146493837068334,4.677194962145498,4.40353532039564,3.5355339059327373,3.5622335505020946,1.114961411643403,1.114961411643403,2
146,J033309-764641,292.25866620438205,-36.78738285547244,9.715298096694056,0.3574018963546314,6.885421098917436,150828005701290,453.2320251464844,0.0366494096815586,0.1227721987010475,0.1166941377663792,4.129875678645783,2.0888500111827213,3.5355339059327373,3.1309110016104005,0.9989646770353828,0.9989646770353828,2
153,J034736-763204,291.3402962120384,-36.32885398648879,5.913034504623465,0.365566399909048,5.514759602532027,150902002901264,666.95751953125,0.0323987752199173,0.1024108648937413,0.0964769387949767,-0.6720492810541892,-0.6720492810541892,5.0,-0.1475331841732131,0.5245160968809761,0.5245160968809761,1
162,J035440-784533,293.1529457988039,-34.62223850946478,5.993589895186337,0.3745126272640361,5.23533258497585,151220002801240,767.2073364257812,0.0426535531878471,0.114581336916934,0.110598458555061,4.464232817734862,4.464232817734862,5.0,2.241218494854094,2.223014322880768,2.223014322880768,1
165,J035641-783935,292.98386711474944,-34.60817412819449,6.232194121988504,0.2323971640535188,5.470580255840338,151220002801240,767.2073364257812,0.0426535531878471,0.114581336916934,0.110598458555061,4.464232817734862,4.464232817734862,5.0,2.4531921861510737,2.0110406315837883,2.0110406315837883,1
167,J035728-783508,292.88365186721126,-34.62340975331466,5.917000152751444,0.2010906994838659,5.491289814841387,151220002801240,767.2073364257812,0.0426535531878471,0.114581336916934,0.110598458555061,4.464232817734862,4.667333200474447,3.5355339059327373,2.0767763554277416,2.3874564623071204,2.3874564623071204,2
171,J035801-760516,290.43238879563467,-36.122147501002296,5.055308904347689,0.3244743152423873,4.907883646638877,150902002901264,666.95751953125,0.0323987752199173,0.1024108648937413,0.0964769387949767,-0.6720492810541892,-0.6720492810541892,5.0,0.9683938227935917,1.6404431038477807,1.6404431038477807,1
172,J035803-760526,290.4334179074288,-36.11829732479424,5.225284354147126,0.3206763265727404,5.020727077587607,150902002901264,666.95751953125,0.0323987752199173,0.1024108648937413,0.0964769387949767,-0.6720492810541892,-0.6720492810541892,5.0,1.0237660139656886,1.6958152950198777,1.6958152950198777,1
173,J035810-760552,290.4353545277617,-36.10857532262084,5.209698578708968,0.3342376603829768,5.071157368569169,150902002901264,666.95751953125,0.0323987752199173,0.1024108648937413,0.0964769387949767,-0.6720492810541892,-0.6720492810541892,5.0,0.8457738329858376,1.517823114040027,1.517823114040027,1
174,J035814-760604,290.43612672594344,-36.103738317000456,5.214390691789874,0.296443301338085,4.873151767115242,150902002901264,666.95751953125,0.0323987752199173,0.1024108648937413,0.0964769387949767,-0.6720492810541892,-0.6720492810541892,5.0,2.8001207407091666,3.472170021763356,3.472170021763356,1
187,J040400-710909,285.0103171548112,-38.56359126013426,5.650361773069088,0.5852973981332422,5.515300306381181,150827005201021,1087.4422607421875,0.0342647805809974,0.1065527417521129,0.1063452378110446,7.979404433012247,6.784817127603369,3.5355339059327373,7.155605134941873,0.8237992980703739,0.8237992980703739,2
198,J040848-750719,288.97723612383857,-36.12743290142625,5.11460100683589,0.6146791943853211,4.5842970383915205,150101002301214,899.7606201171875,0.0500200763344764,0.180041591066664,0.1824296540311875,8.171889630159408,8.171889630159408,5.0,2.635000883151217,5.536888747008191,5.536888747008191,1
214,J041334-743302,288.1729585705992,-36.17090641728382,7.719228734457565,0.3648835061211023,6.589666822823478,150101002301252,493.374755859375,0.0340094976127147,0.0807806817401931,0.0789100902291563,5.546869625424989,5.546869625424989,5.0,5.428760646262623,0.1181089791623666,0.1181089791623666,1
217,J041409-773830,291.3450103491723,-34.48013514298358,5.670181667845839,0.1801746947393376,5.269322507108478,150902002901075,667.62646484375,0.0322586335241794,0.0549728346148448,0.0590154108485532,5.0264953206285305,5.0264953206285305,5.0,3.0135877006337144,2.012907619994816,2.012907619994816,1
219,J041437-773239,291.2294109359427,-34.51262526254605,6.073769279388432,0.2376932633628862,5.574416954292994,150902002901075,667.62646484375,0.0322586335241794,0.0549728346148448,0.0590154108485532,5.0264953206285305,5.0264953206285305,5.0,3.0817523029216574,1.9447430177068727,1.9447430177068727,1
223,J041648-785512,292.5444963284885,-33.66449105042929,6.564504926367271,0.2188773178817123,5.82430780037242,161106004101181,431.06640625,0.0299187637865543,0.0918219811641725,0.0933583158212858,4.133876012068996,3.0844768028290384,2.5,3.0167937539612883,1.1170822581077071,1.1170822581077071,4
237,J042535-743245,287.67360881359787,-35.4812517376451,7.339630928570045,0.2877134906903685,6.696298162875016,150101002301252,493.374755859375,0.0340094976127147,0.0807806817401931,0.0789100902291563,5.546869625424989,5.546869625424989,5.0,4.597959229568192,0.9489103958567976,0.9489103958567976,1
238,J042651-743133,287.602936867954,-35.416338705373995,6.729964027197354,0.2291780944175044,6.10090923558064,161012003201102,679.4970092773438,0.089191161096096,0.2030412198344666,0.2085140551156878,3.729690227913871,4.63827992666943,3.5355339059327373,3.961991182782689,0.2323009548688182,0.2323009548688182,2
246,J043207-724940,285.53306356894245,-35.853900843631074,8.196446326684335,0.3904402243104666,6.9515694517400535,161012003201276,1053.1153564453125,0.0830646529793739,0.2396267544638828,0.2277170744378542,-1.0161285241720268,-1.0161285241720268,5.0,1.7359320171525094,2.7520605413245365,2.7520605413245365,1
252,J043443-744229,287.5095628479113,-34.86877509400631,5.42927192963552,0.2039440652778342,5.124672073170704,150101002301380,1020.841552734375,0.0331893227994442,0.0668097433952503,0.0782684244268091,2.257542386643143,2.257542386643143,5.0,3.185742669876693,0.9282002832335504,0.9282002832335504,1
255,J043508-760432,288.98045031761694,-34.23383642624867,8.02217280968463,0.3860123117516169,5.760907212675421,150101002301075,887.071044921875,0.0378939881920814,0.1343916561821015,0.1313243275717823,4.584864439343635,4.584864439343635,5.0,3.2720746783605827,1.312789760983052,1.312789760983052,1
256,J043535-745157,287.651824026418,-34.748772301061464,5.047115387627019,0.2126142607953952,4.729845707359598,150101002301380,1020.841552734375,0.0331893227994442,0.0668097433952503,0.0782684244268091,2.257542386643143,2.257542386643143,5.0,1.943282484941236,0.3142599017019072,0.3142599017019072,1
264,J043853-750132,287.7140410788744,-34.48605032802656,4.841048188271135,0.2291352117640869,4.252218759784345,150101002301380,1020.841552734375,0.0331893227994442,0.0668097433952503,0.0782684244268091,2.257542386643143,2.257542386643143,5.0,3.359306375470023,1.10176398882688,1.10176398882688,1
269,J044034-742118,286.91833868588765,-34.66707611921976,6.912829254292522,0.2911827728739847,6.217271533135418,150101002301380,1020.841552734375,0.0331893227994442,0.0668097433952503,0.0782684244268091,2.257542386643143,2.257542386643143,5.0,2.4279067945079635,0.1703644078648203,0.1703644078648203,1
271,J044115-744900,287.4052890717944,-34.43455327527613,6.192703483154474,0.1733339135604092,5.353271357743809,150101002301380,1020.841552734375,0.0331893227994442,0.0668097433952503,0.0782684244268091,2.257542386643143,2.257542386643143,5.0,3.229968154944641,0.9724257683014984,0.9724257683014984,1
294,J045046-743537,286.8585306212333,-33.94624213847927,7.206692106719639,0.3398670191722931,5.966347737376428,170109002101371,504.8479919433594,0.0352850705385208,0.1001934192535186,0.097693421405531,6.022061779239365,6.022061779239365,5.0,4.396730605826594,1.6253311734127711,1.6253311734127711,1
295,J045047-743538,286.85818013076096,-33.94507358608492,6.550489144094808,0.2392169905351533,6.108130704652001,170109002101371,504.8479919433594,0.0352850705385208,0.1001934192535186,0.097693421405531,6.022061779239365,6.022061779239365,5.0,3.960842501439861,2.061219277799504,2.061219277799504,1
303,J045220-682306,279.67575613583875,-35.924029758477666,5.3456099136032105,0.4681022039441413,5.2862170036542375,171230002101134,2093.062255859375,0.0297213029116392,0.0775923590582937,0.0851956688791431,5.138825405773753,5.138825405773753,5.0,3.3054329343402737,1.8333924714334795,1.8333924714334795,1
310,J045517-751143,287.4008176559197,-33.450670352230084,6.138509601079882,0.2179264962603876,5.764045289348859,171208002601217,1291.2236328125,0.0309066344052553,0.0799834316456762,0.0798578905063512,6.501511852035412,6.501511852035412,5.0,4.473612315177126,2.027899536858285,2.027899536858285,1
325,J045940-695504,281.238080194215,-34.85136836826379,6.771276471664789,0.7564676931377555,6.398937441623295,171104001801387,1769.3167724609375,0.0352439433336257,0.0558306196223252,0.074973350505935,8.646952942426214,8.646952942426214,5.0,4.505463917075473,4.141489025350741,4.141489025350741,1
334,J050537-760540,288.1447152262276,-32.54036734344431,6.465193989376886,0.355413685732464,6.1303951598928,171208002601169,568.73681640625,0.040997814387083,0.1155391356115106,0.1251893746996725,5.888340720669193,5.888340720669193,5.0,5.1072271832802825,0.7811135373889107,0.7811135373889107,1
335,J050707-751645,287.19241388429367,-32.71270793507684,6.771716168111673,0.859698044185686,6.17643754761164,171208002601217,1291.2236328125,0.0309066344052553,0.0799834316456762,0.0798578905063512,6.501511852035412,6.501511852035412,5.0,6.603158038537011,0.1016461865015996,0.1016461865015996,1
340,J051317-692224,280.23554889199903,-33.84476311645508,6.098823291027264,0.8695826992781649,5.771234310422106,170115002201017,653.1840209960938,0.0295948721468448,0.0669111005852758,0.075541181882327,9.320920306074395,9.320920306074395,5.0,9.098006367963874,0.2229139381105209,0.2229139381105209,1
341,J051321-692240,280.2392139310957,-33.83825674424968,5.96233376869867,0.256651510192884,5.839821199380978,170115002201017,653.1840209960938,0.0295948721468448,0.0669111005852758,0.075541181882327,9.320920306074395,9.320920306074395,5.0,8.545061213837606,0.7758590922367894,0.7758590922367894,1
362,J052340-705019,281.7276388036243,-32.67432553693909,5.341650240852305,1.2611909952766578,5.28471322196186,171227002601391,820.0792846679688,0.0355032421648502,0.0755901057301961,0.1104021490366692,10.227635331974248,10.227635331974248,5.0,9.027726450617411,1.1999088813568353,1.1999088813568353,1
364,J052456-693855,280.31397069352346,-32.7909928554898,4.543206336379583,0.8581633167671083,4.511694767329093,170108002201154,572.9520874023438,0.0319507084786891,0.0849074114947416,0.086075828351219,9.503791738638798,9.503791738638798,5.0,9.041768082423818,0.4620236562149795,0.4620236562149795,1
365,J052502-693902,280.3146125439806,-32.782629242187454,4.76601650391453,2.4125490817788418,4.640838792317305,170108002201154,572.9520874023438,0.0319507084786891,0.0849074114947416,0.086075828351219,9.503791738638798,9.503791738638798,5.0,8.739261547339531,0.7645301912992668,0.7645301912992668,1
366,J052517-672245,277.6396350603079,-33.13245224430629,4.511693628263403,0.286534727043664,4.293524318892003,161107003901184,834.1482543945312,0.0307715144008398,0.0696715591970933,0.0665426154698933,6.3873897577195695,6.3873897577195695,5.0,7.3654717494732465,0.9780819917536768,0.9780819917536768,1
374,J052648-645142,274.6325544533356,-33.31574334973285,4.781824790300801,0.1634770102183538,4.665770843950028,171205002601118,446.9566650390625,0.0310874618589878,0.0898938523406162,0.0846508745507996,5.885810235487449,5.885810235487449,5.0,5.219371819693273,0.6664384157941763,0.6664384157941763,1
381,J052936-734000,284.8964699467492,-31.67175959847797,6.839853261745358,0.7509544382964424,6.669797280633548,180101003601019,492.2575073242188,0.0533385537564754,0.0913312934703844,0.0861773136182046,7.424831904642383,7.951100342194044,3.5355339059327373,7.575434908248056,0.1506030036056724,0.1506030036056724,2
441,J060035-701218,280.58032845965766,-29.69370890620599,6.208343238804433,0.474430853734939,6.018040463373613,171206004601239,448.4270935058594,0.040287766605615616,0.1091658906179579,0.10936655366914716,5.759811589674893,5.759811589674893,5.0,5.220356653059807,0.539454936615086,0.539454936615086,1
